lsoa_code,theft_count,shoplifting_count,theft_from_person_count,bicycle_theft_count,other_theft_count
E01000001,96,15,38,3,40
E01000002,319,109,93,37,80
E01000003,34,0,16,5,13
E01000005,423,132,72,19,200
E01000006,12,0,1,0,11
E01000007,95,0,60,6,29
E01000008,90,53,4,0,33
E01000009,49,4,16,2,27
E01000011,8,1,0,0,7
E01000012,56,5,4,3,44
E01000013,76,15,27,2,32
E01000014,16,0,2,0,14
E01000015,10,0,2,0,8
E01000016,15,3,1,0,11
E01000017,10,0,1,0,9
E01000018,1,0,0,0,1
E01000019,10,0,1,1,8
E01000020,12,1,3,0,8
E01000021,13,1,3,0,9
E01000022,9,0,1,0,8
E01000024,12,0,3,0,9
E01000025,7,0,2,0,5
E01000027,21,0,5,0,16
E01000028,8,0,1,0,7
E01000029,10,1,0,1,8
E01000030,24,6,2,1,15
E01000031,15,2,0,0,13
E01000032,84,44,15,2,23
E01000033,9,2,1,0,6
E01000034,12,0,4,0,8
E01000035,25,8,4,0,13
E01000036,44,23,7,0,14
E01000037,5,0,1,0,4
E01000038,20,7,7,0,6
E01000039,4,0,2,0,2
E01000040,19,1,6,0,12
E01000041,10,0,1,0,9
E01000042,22,0,8,1,13
E01000043,9,0,0,0,9
E01000044,11,0,5,0,6
E01000045,97,20,6,0,71
E01000046,15,0,4,0,11
E01000049,46,0,5,1,40
E01000050,14,1,3,0,10
E01000051,15,0,3,0,12
E01000052,9,0,3,1,5
E01000053,18,5,2,0,11
E01000054,11,0,0,0,11
E01000055,8,0,1,0,7
E01000056,12,0,2,0,10
E01000057,116,98,5,2,11
E01000058,11,0,1,1,9
E01000059,13,0,1,1,11
E01000060,49,5,6,3,35
E01000061,23,2,8,1,12
E01000062,30,4,5,0,21
E01000063,6,0,0,1,5
E01000064,24,5,3,0,16
E01000065,9,0,1,0,8
E01000066,7,0,1,0,6
E01000067,10,1,2,0,7
E01000068,43,0,20,2,21
E01000069,16,0,2,1,13
E01000070,110,78,8,4,20
E01000071,33,0,6,0,27
E01000072,34,17,7,0,10
E01000073,8,0,1,0,7
E01000074,12,0,2,0,10
E01000075,20,1,7,2,10
E01000076,10,0,1,0,9
E01000077,5,0,0,0,5
E01000078,15,0,2,1,12
E01000079,10,0,4,1,5
E01000080,4,0,1,0,3
E01000081,14,0,2,0,12
E01000082,234,223,1,0,10
E01000083,9,0,1,0,8
E01000084,7,0,1,0,6
E01000085,14,2,1,0,11
E01000086,9,1,1,0,7
E01000087,41,24,3,2,12
E01000088,16,1,3,0,12
E01000089,5,0,2,0,3
E01000090,29,0,4,2,23
E01000091,16,0,2,0,14
E01000093,20,2,7,0,11
E01000094,20,1,4,0,15
E01000095,250,152,18,14,66
E01000096,15,1,4,1,9
E01000097,7,0,4,0,3
E01000098,20,7,1,0,12
E01000099,24,4,3,3,14
E01000100,16,0,1,1,14
E01000101,170,144,8,4,14
E01000102,9,0,2,1,6
E01000103,10,0,1,0,9
E01000104,33,1,6,1,25
E01000105,166,107,14,4,41
E01000106,17,0,3,0,14
E01000107,8,0,2,0,6
E01000108,24,4,6,0,14
E01000110,20,1,2,0,17
E01000111,19,2,3,1,13
E01000112,14,4,4,0,6
E01000113,17,1,1,0,15
E01000114,21,6,4,0,11
E01000115,2,0,1,0,1
E01000116,12,2,3,0,7
E01000117,4,0,0,0,4
E01000118,13,4,0,0,9
E01000119,8,0,1,0,7
E01000120,1,0,1,0,0
E01000121,10,0,2,0,8
E01000122,2,1,1,0,0
E01000123,9,1,0,0,8
E01000124,121,101,2,0,18
E01000126,13,1,2,0,10
E01000127,3,0,1,1,1
E01000128,18,0,4,2,12
E01000129,68,32,10,4,22
E01000130,10,0,3,0,7
E01000131,15,0,2,2,11
E01000132,12,0,1,1,10
E01000133,6,0,0,1,5
E01000134,16,0,4,0,12
E01000135,14,0,4,1,9
E01000136,17,0,7,0,10
E01000137,11,0,1,0,10
E01000138,8,0,1,0,7
E01000139,10,0,1,2,7
E01000140,56,30,10,1,15
E01000141,219,96,34,4,85
E01000142,13,0,0,0,13
E01000143,120,91,3,4,22
E01000144,160,48,27,5,80
E01000145,7,0,1,1,5
E01000146,129,52,19,3,55
E01000147,10,0,4,0,6
E01000150,75,40,8,3,24
E01000151,20,0,2,1,17
E01000152,14,0,0,0,14
E01000153,15,0,1,2,12
E01000154,33,21,1,1,10
E01000156,17,4,3,0,10
E01000157,7,0,1,0,6
E01000158,11,0,0,2,9
E01000159,4,0,0,0,4
E01000160,111,80,8,3,20
E01000161,24,4,2,0,18
E01000162,73,51,8,0,14
E01000163,5,0,0,0,5
E01000164,66,37,7,0,22
E01000165,11,0,3,0,8
E01000166,7,0,1,0,6
E01000167,16,0,1,2,13
E01000168,3,0,0,1,2
E01000169,2,0,0,0,2
E01000170,32,14,2,1,15
E01000171,56,15,11,4,26
E01000172,9,0,3,0,6
E01000173,4,1,0,0,3
E01000174,35,20,1,0,14
E01000175,10,0,2,1,7
E01000176,15,0,2,0,13
E01000177,25,0,5,1,19
E01000178,21,8,5,2,6
E01000179,16,0,2,1,13
E01000180,29,8,7,0,14
E01000181,134,75,23,9,27
E01000182,65,0,46,8,11
E01000183,16,0,6,0,10
E01000184,16,0,0,0,16
E01000185,7,0,4,0,3
E01000186,2,0,1,0,1
E01000187,7,0,1,0,6
E01000188,78,0,1,0,77
E01000189,7,0,1,0,6
E01000190,5,0,0,0,5
E01000191,6,0,0,0,6
E01000192,37,8,6,0,23
E01000193,263,137,58,4,64
E01000194,38,5,5,2,26
E01000195,20,0,1,0,19
E01000196,60,29,7,3,21
E01000197,9,0,3,2,4
E01000198,15,0,1,0,14
E01000199,12,0,3,2,7
E01000200,4,0,0,0,4
E01000201,9,0,0,1,8
E01000202,8,4,0,0,4
E01000203,20,0,6,1,13
E01000204,24,7,3,1,13
E01000205,12,1,7,0,4
E01000206,10,0,4,0,6
E01000207,30,16,7,0,7
E01000208,40,0,31,2,7
E01000209,13,0,5,0,8
E01000210,17,2,4,1,10
E01000211,53,9,14,2,28
E01000212,10,0,4,0,6
E01000213,6,0,3,0,3
E01000214,45,0,18,1,26
E01000215,10,0,0,1,9
E01000216,18,0,5,2,11
E01000217,43,23,7,1,12
E01000218,11,3,1,1,6
E01000219,18,2,6,0,10
E01000220,26,0,2,2,22
E01000221,120,67,9,2,42
E01000222,9,0,1,0,8
E01000223,64,17,11,4,32
E01000224,5,0,1,0,4
E01000225,19,4,4,1,10
E01000226,10,0,0,0,10
E01000227,3,0,0,0,3
E01000228,8,0,0,1,7
E01000229,5,0,1,0,4
E01000230,9,2,0,0,7
E01000231,11,1,0,0,10
E01000232,8,0,0,0,8
E01000233,34,21,1,2,10
E01000234,3,0,0,0,3
E01000235,30,13,2,3,12
E01000236,15,0,1,3,11
E01000237,23,3,2,4,14
E01000238,16,0,2,4,10
E01000239,16,0,1,0,15
E01000240,17,0,1,0,16
E01000241,8,0,0,1,7
E01000242,5,0,0,0,5
E01000243,104,89,1,0,14
E01000244,135,103,1,4,27
E01000245,51,26,2,4,19
E01000246,6,0,0,0,6
E01000247,1,0,0,0,1
E01000248,130,69,23,3,35
E01000249,7,0,2,1,4
E01000250,85,20,20,0,45
E01000251,25,2,2,4,17
E01000252,15,2,1,0,12
E01000253,19,7,1,0,11
E01000254,11,0,0,1,10
E01000255,15,0,1,0,14
E01000256,4,0,0,0,4
E01000257,177,141,6,1,29
E01000258,34,16,3,0,15
E01000259,5,0,1,0,4
E01000260,35,19,4,1,11
E01000261,5,0,0,1,4
E01000263,5,0,0,0,5
E01000264,117,84,7,0,26
E01000265,9,0,0,1,8
E01000266,4,0,0,0,4
E01000267,5,0,0,0,5
E01000268,28,15,1,0,12
E01000269,10,0,3,0,7
E01000270,1,0,1,0,0
E01000271,3,0,0,0,3
E01000272,14,6,2,0,6
E01000273,16,1,2,1,12
E01000274,33,17,1,1,14
E01000275,6,0,0,0,6
E01000276,3,0,0,0,3
E01000277,12,0,1,2,9
E01000278,5,0,1,0,4
E01000279,5,0,0,0,5
E01000280,2,0,0,0,2
E01000281,135,94,11,0,30
E01000282,42,28,4,1,9
E01000283,3,0,0,0,3
E01000284,15,0,5,0,10
E01000285,4,0,0,0,4
E01000286,5,0,0,0,5
E01000287,5,0,1,0,4
E01000288,5,0,0,0,5
E01000289,10,0,1,0,9
E01000290,10,1,1,0,8
E01000291,6,0,0,1,5
E01000292,7,2,0,0,5
E01000293,7,1,1,0,5
E01000294,33,0,7,0,26
E01000295,30,4,11,1,14
E01000296,98,38,29,4,27
E01000297,7,0,2,0,5
E01000298,14,0,5,1,8
E01000299,290,178,31,5,76
E01000300,12,0,1,3,8
E01000301,6,0,1,1,4
E01000302,49,30,4,1,14
E01000303,6,0,1,0,5
E01000304,6,0,2,0,4
E01000305,27,11,3,0,13
E01000306,9,0,0,0,9
E01000307,476,305,88,3,80
E01000308,32,14,1,1,16
E01000309,4,0,0,0,4
E01000310,62,10,8,5,39
E01000311,16,0,2,2,12
E01000312,15,2,0,0,13
E01000313,27,8,5,0,14
E01000314,36,6,3,1,26
E01000315,12,0,1,1,10
E01000316,125,72,10,3,40
E01000317,6,0,2,0,4
E01000318,9,0,3,0,6
E01000319,4,0,0,1,3
E01000320,11,0,4,0,7
E01000321,14,1,4,0,9
E01000322,50,14,9,1,26
E01000323,95,32,31,5,27
E01000324,9,0,3,1,5
E01000325,1,0,0,0,1
E01000326,4,0,0,0,4
E01000327,1,0,0,0,1
E01000328,6,0,1,1,4
E01000329,7,0,1,0,6
E01000330,14,2,2,0,10
E01000331,5,0,0,0,5
E01000332,12,0,3,0,9
E01000333,53,34,3,0,16
E01000334,6,1,1,0,4
E01000335,83,48,5,2,28
E01000336,12,0,1,1,10
E01000337,11,2,0,0,9
E01000338,3,0,1,0,2
E01000339,8,0,0,0,8
E01000340,5,2,1,0,2
E01000341,1,0,0,0,1
E01000342,6,0,0,1,5
E01000343,5,0,1,0,4
E01000344,10,6,0,0,4
E01000345,3,0,0,0,3
E01000346,7,1,0,0,6
E01000347,16,10,1,0,5
E01000348,4,2,0,0,2
E01000349,4,0,0,0,4
E01000350,25,19,0,1,5
E01000351,1,0,0,0,1
E01000352,37,29,0,0,8
E01000353,6,0,1,0,5
E01000354,2,0,0,0,2
E01000355,9,1,0,0,8
E01000356,418,408,2,0,8
E01000357,8,0,0,0,8
E01000358,34,22,1,0,11
E01000359,11,6,0,0,5
E01000360,178,74,32,4,68
E01000361,5,0,0,0,5
E01000362,240,128,49,4,59
E01000363,6,0,0,0,6
E01000364,5,0,0,0,5
E01000365,27,14,9,0,4
E01000366,10,4,1,0,5
E01000367,8,1,2,1,4
E01000368,9,0,0,1,8
E01000369,6,0,1,0,5
E01000370,14,6,3,0,5
E01000371,3,0,0,0,3
E01000372,5,1,0,0,4
E01000373,8,0,1,0,7
E01000374,19,4,0,0,15
E01000375,14,5,1,2,6
E01000376,2,0,1,0,1
E01000377,10,0,1,1,8
E01000379,7,1,2,1,3
E01000380,5,0,0,0,5
E01000381,9,0,0,0,9
E01000382,8,0,2,0,6
E01000383,25,9,1,0,15
E01000384,12,0,0,1,11
E01000385,67,47,0,0,20
E01000386,35,18,0,1,16
E01000387,2,0,0,0,2
E01000388,8,1,2,1,4
E01000389,13,2,0,0,11
E01000390,10,0,2,0,8
E01000391,7,0,1,0,6
E01000392,220,167,13,5,35
E01000393,11,1,1,0,9
E01000394,33,28,0,0,5
E01000395,8,0,0,0,8
E01000396,2,0,0,0,2
E01000398,5,0,1,0,4
E01000399,5,0,1,0,4
E01000400,13,0,2,1,10
E01000401,10,1,4,1,4
E01000402,12,0,1,0,11
E01000403,340,242,13,3,82
E01000404,20,0,2,0,18
E01000405,12,2,0,0,10
E01000406,25,12,0,0,13
E01000407,11,2,0,2,7
E01000408,23,0,3,3,17
E01000409,7,2,0,0,5
E01000410,8,3,2,0,3
E01000411,1,0,0,0,1
E01000412,15,0,0,1,14
E01000413,27,25,1,1,0
E01000414,81,45,5,4,27
E01000415,1,0,0,0,1
E01000416,47,22,4,1,20
E01000417,25,1,7,5,12
E01000418,18,0,3,2,13
E01000419,2,0,0,0,2
E01000420,7,0,0,1,6
E01000421,4,0,1,0,3
E01000423,5,3,1,0,1
E01000424,15,2,0,0,13
E01000425,4,0,0,0,4
E01000426,13,2,1,1,9
E01000427,8,0,0,0,8
E01000428,33,4,6,2,21
E01000429,11,0,1,1,9
E01000430,12,0,1,2,9
E01000431,35,9,3,0,23
E01000433,47,33,4,0,10
E01000434,5,0,1,0,4
E01000435,10,2,0,0,8
E01000436,6,0,0,0,6
E01000437,2,0,0,0,2
E01000438,4,0,0,2,2
E01000439,39,12,3,0,24
E01000440,3,0,1,0,2
E01000441,16,1,1,1,13
E01000442,14,6,2,0,6
E01000443,5,0,0,0,5
E01000444,8,0,1,0,7
E01000445,5,2,0,0,3
E01000446,1,0,0,0,1
E01000447,18,1,2,0,15
E01000448,5,0,1,0,4
E01000449,3,1,0,0,2
E01000450,12,1,3,1,7
E01000451,2,0,0,0,2
E01000452,2,0,1,0,1
E01000453,42,28,0,1,13
E01000454,11,1,1,0,9
E01000455,12,3,1,2,6
E01000456,3,0,0,0,3
E01000457,165,121,8,1,35
E01000458,2,0,0,0,2
E01000459,2,0,0,0,2
E01000460,4,0,0,0,4
E01000461,3,0,0,0,3
E01000462,38,18,4,1,15
E01000464,8,0,1,1,6
E01000465,10,0,0,0,10
E01000466,31,1,2,3,25
E01000467,6,2,0,0,4
E01000468,11,0,1,1,9
E01000469,9,0,1,1,7
E01000470,24,6,5,1,12
E01000471,7,0,3,1,3
E01000472,107,10,8,6,83
E01000473,69,1,27,3,38
E01000474,6,0,1,0,5
E01000475,103,61,10,4,28
E01000476,12,0,3,0,9
E01000477,66,24,7,0,35
E01000478,22,0,4,2,16
E01000479,8,0,2,0,6
E01000480,8,0,4,0,4
E01000481,14,1,5,0,8
E01000483,209,188,6,2,13
E01000484,7,0,1,0,6
E01000485,5,1,0,0,4
E01000486,5,0,1,0,4
E01000487,23,1,8,2,12
E01000488,2,0,0,0,2
E01000489,26,1,7,5,13
E01000490,84,27,12,6,39
E01000491,13,0,2,5,6
E01000492,11,0,3,2,6
E01000493,7,1,0,0,6
E01000494,9,0,3,1,5
E01000495,54,20,10,1,23
E01000497,36,13,5,0,18
E01000498,7,0,2,0,5
E01000499,81,47,10,2,22
E01000501,7,0,2,1,4
E01000502,11,0,4,0,7
E01000503,17,0,2,2,13
E01000504,30,6,7,1,16
E01000505,16,0,2,1,13
E01000506,35,5,2,3,25
E01000507,14,0,8,0,6
E01000508,59,22,10,4,23
E01000509,49,18,11,1,19
E01000510,44,6,6,2,30
E01000511,1,0,1,0,0
E01000512,13,0,1,1,11
E01000513,14,0,4,0,10
E01000514,4,0,1,0,3
E01000515,17,0,4,2,11
E01000516,18,7,3,0,8
E01000517,83,38,15,1,29
E01000518,13,0,3,2,8
E01000519,9,0,1,0,8
E01000520,12,1,5,1,5
E01000521,49,8,18,0,23
E01000522,14,1,1,3,9
E01000523,57,5,20,5,27
E01000524,243,121,61,10,51
E01000525,34,1,13,1,19
E01000526,42,11,11,0,20
E01000527,23,0,1,1,21
E01000528,25,0,3,1,21
E01000530,7,0,2,0,5
E01000531,87,72,4,2,9
E01000532,22,0,6,1,15
E01000533,29,2,3,2,22
E01000534,13,0,4,1,8
E01000535,27,1,8,1,17
E01000536,69,44,6,2,17
E01000538,5,0,3,0,2
E01000539,4,0,2,0,2
E01000540,7,1,1,0,5
E01000541,13,2,3,0,8
E01000543,26,6,6,0,14
E01000544,27,0,8,1,18
E01000545,142,10,55,8,69
E01000546,102,80,5,4,13
E01000547,30,6,4,3,17
E01000548,346,138,98,11,99
E01000549,17,1,1,5,10
E01000550,198,87,49,12,50
E01000551,43,11,7,3,22
E01000552,36,0,8,8,20
E01000553,20,1,2,1,16
E01000554,28,8,4,2,14
E01000555,10,0,2,2,6
E01000556,56,4,13,3,36
E01000557,11,0,2,1,8
E01000558,15,0,0,1,14
E01000559,42,29,2,0,11
E01000560,15,0,4,2,9
E01000561,46,0,18,1,27
E01000562,4,0,0,0,4
E01000563,5,0,2,0,3
E01000564,27,6,4,1,16
E01000565,4,0,0,1,3
E01000566,4,0,0,0,4
E01000567,1,0,0,0,1
E01000568,90,7,22,3,58
E01000569,4,0,0,0,4
E01000570,12,0,2,1,9
E01000571,18,2,5,1,10
E01000572,5,0,1,0,4
E01000573,3,0,0,1,2
E01000574,5,0,0,2,3
E01000575,115,72,15,1,27
E01000576,11,2,2,0,7
E01000577,13,1,2,3,7
E01000578,28,0,13,0,15
E01000579,15,0,1,3,11
E01000580,106,64,17,10,15
E01000581,12,3,2,2,5
E01000582,10,0,0,3,7
E01000583,60,4,12,6,38
E01000584,7,0,0,0,7
E01000585,14,0,2,1,11
E01000586,161,41,49,13,58
E01000587,16,8,1,0,7
E01000589,323,270,5,1,47
E01000590,1,0,0,0,1
E01000591,199,130,21,4,44
E01000592,12,0,1,2,9
E01000593,3,0,0,0,3
E01000594,48,14,14,2,18
E01000595,19,1,4,1,13
E01000596,16,0,1,0,15
E01000599,26,4,8,0,14
E01000601,376,256,13,2,105
E01000602,17,0,2,2,13
E01000603,8,0,1,1,6
E01000604,6,0,1,0,5
E01000605,8,1,0,0,7
E01000606,8,0,2,2,4
E01000607,22,6,3,0,13
E01000608,73,29,10,3,31
E01000609,18,1,7,0,10
E01000610,17,0,4,2,11
E01000611,15,2,4,0,9
E01000612,15,0,4,0,11
E01000613,14,0,5,0,9
E01000615,71,18,17,3,33
E01000616,15,2,3,1,9
E01000617,55,1,28,0,26
E01000618,9,0,3,0,6
E01000619,6,0,3,0,3
E01000620,24,0,10,2,12
E01000621,37,6,12,1,18
E01000622,6,0,0,1,5
E01000623,71,50,2,0,19
E01000624,6,1,1,1,3
E01000625,6,0,2,0,4
E01000626,16,0,5,1,10
E01000627,42,6,5,1,30
E01000628,24,1,8,1,14
E01000629,22,1,1,1,19
E01000630,143,33,55,4,51
E01000631,14,0,4,0,10
E01000632,101,6,29,8,58
E01000633,80,4,34,1,41
E01000634,32,1,8,0,23
E01000636,83,26,24,2,31
E01000637,9,0,0,0,9
E01000638,25,3,9,2,11
E01000639,22,0,6,6,10
E01000640,50,28,10,0,12
E01000641,32,5,4,6,17
E01000642,181,96,30,4,51
E01000643,44,3,8,4,29
E01000644,68,14,21,5,28
E01000645,8,0,0,0,8
E01000646,33,27,2,0,4
E01000647,5,1,0,0,4
E01000648,30,17,2,1,10
E01000649,7,0,1,0,6
E01000650,5,0,2,0,3
E01000651,7,0,0,0,7
E01000652,5,1,0,0,4
E01000653,6,0,0,1,5
E01000654,2,0,2,0,0
E01000655,28,24,0,0,4
E01000656,7,4,0,0,3
E01000657,31,22,0,1,8
E01000658,9,3,2,1,3
E01000659,2,0,0,0,2
E01000661,23,0,3,0,20
E01000662,28,2,2,1,23
E01000663,15,11,1,0,3
E01000664,14,1,1,1,11
E01000665,3,1,0,0,2
E01000666,18,4,1,0,13
E01000667,8,0,3,0,5
E01000668,78,48,2,2,26
E01000669,8,0,2,0,6
E01000670,22,3,0,0,19
E01000671,17,0,2,0,15
E01000672,9,1,0,0,8
E01000673,9,1,1,0,7
E01000674,5,0,1,0,4
E01000676,456,202,121,5,128
E01000677,122,39,29,1,53
E01000678,16,6,4,0,6
E01000679,16,4,2,0,10
E01000680,9,0,0,0,9
E01000681,4,0,0,1,3
E01000682,221,214,1,0,6
E01000683,13,0,3,0,10
E01000684,4,0,0,0,4
E01000685,3,0,0,0,3
E01000686,2,0,0,0,2
E01000687,35,22,3,0,10
E01000688,8,0,0,2,6
E01000689,4,0,1,0,3
E01000690,20,15,0,0,5
E01000691,11,7,1,0,3
E01000692,23,5,4,2,12
E01000693,53,40,3,1,9
E01000694,6,0,2,0,4
E01000695,6,0,2,0,4
E01000696,12,2,3,0,7
E01000697,8,1,0,0,7
E01000698,4,0,1,0,3
E01000699,38,29,1,0,8
E01000700,4,0,1,0,3
E01000701,7,0,3,0,4
E01000702,1,0,0,0,1
E01000703,29,11,1,0,17
E01000704,5,0,0,0,5
E01000705,5,0,0,1,4
E01000706,5,0,1,2,2
E01000707,4,0,0,1,3
E01000708,11,0,0,0,11
E01000709,19,1,4,7,7
E01000710,16,0,3,2,11
E01000711,27,22,1,0,4
E01000712,12,0,2,0,10
E01000713,7,0,1,2,4
E01000714,236,159,24,5,48
E01000715,11,1,2,2,6
E01000716,8,2,0,0,6
E01000717,9,0,2,0,7
E01000718,13,2,5,1,5
E01000719,218,188,2,1,27
E01000720,18,0,3,1,14
E01000721,13,0,1,0,12
E01000722,26,6,4,0,16
E01000723,3,1,0,0,2
E01000724,15,0,1,0,14
E01000725,20,1,4,1,14
E01000726,3,0,0,0,3
E01000727,91,76,5,1,9
E01000728,19,3,3,1,12
E01000729,42,29,2,0,11
E01000730,26,8,5,1,12
E01000731,7,1,0,0,6
E01000732,1,0,0,0,1
E01000733,6,0,0,0,6
E01000734,1,0,0,0,1
E01000735,6,1,0,0,5
E01000736,8,0,0,1,7
E01000737,23,1,5,1,16
E01000738,36,11,4,1,20
E01000739,10,0,3,0,7
E01000741,18,5,2,0,11
E01000742,18,0,2,1,15
E01000743,389,373,2,0,14
E01000744,24,9,2,1,12
E01000745,12,0,1,2,9
E01000746,24,1,6,1,16
E01000747,17,0,0,0,17
E01000748,4,0,1,0,3
E01000750,8,0,1,0,7
E01000751,46,12,6,1,27
E01000752,13,2,3,1,7
E01000753,4,0,1,0,3
E01000754,37,26,2,0,9
E01000755,4,0,1,0,3
E01000756,91,77,2,0,12
E01000757,2,0,0,0,2
E01000758,2,2,0,0,0
E01000759,7,0,3,2,2
E01000760,35,23,1,0,11
E01000761,4,0,1,0,3
E01000762,4,1,1,0,2
E01000763,10,2,2,1,5
E01000764,8,0,2,0,6
E01000765,32,15,3,1,13
E01000766,4,0,0,0,4
E01000767,6,0,0,0,6
E01000768,3,0,1,0,2
E01000769,14,0,3,1,10
E01000770,13,1,3,0,9
E01000771,12,2,0,2,8
E01000772,7,3,0,1,3
E01000773,4,0,0,0,4
E01000774,43,0,2,4,37
E01000775,47,23,3,1,20
E01000777,14,8,0,0,6
E01000778,14,8,0,0,6
E01000779,78,59,6,0,13
E01000780,17,0,2,1,14
E01000781,12,0,2,0,10
E01000782,15,4,4,1,6
E01000783,10,0,4,0,6
E01000784,2,0,1,0,1
E01000785,99,85,4,0,10
E01000786,71,66,1,0,4
E01000787,3,0,0,0,3
E01000788,9,1,1,0,7
E01000789,12,1,1,0,10
E01000790,274,164,32,3,75
E01000791,3,0,0,0,3
E01000792,4,0,0,0,4
E01000793,3,0,0,0,3
E01000794,2,0,0,0,2
E01000795,1,0,0,0,1
E01000796,19,0,4,2,13
E01000797,21,2,3,0,16
E01000798,37,1,4,4,28
E01000799,134,81,8,9,36
E01000800,23,8,4,1,10
E01000801,25,8,2,1,14
E01000802,27,13,2,1,11
E01000803,7,0,1,1,5
E01000804,10,2,0,1,7
E01000805,18,1,2,1,14
E01000806,33,7,8,1,17
E01000807,21,7,4,0,10
E01000808,6,0,0,0,6
E01000809,4,0,0,1,3
E01000810,6,0,1,0,5
E01000811,3,0,0,0,3
E01000812,4,0,1,0,3
E01000813,79,69,0,1,9
E01000814,2,0,0,0,2
E01000815,1,0,1,0,0
E01000816,13,0,4,0,9
E01000818,2,0,0,0,2
E01000819,32,11,8,2,11
E01000820,21,4,2,1,14
E01000822,14,1,2,1,10
E01000823,13,0,2,0,11
E01000824,138,120,3,2,13
E01000825,18,0,1,0,17
E01000827,7,3,1,0,3
E01000828,7,1,1,2,3
E01000829,4,0,0,0,4
E01000830,3,0,1,0,2
E01000831,4,0,2,0,2
E01000832,5,1,0,0,4
E01000833,8,1,0,1,6
E01000834,10,0,1,0,9
E01000835,54,30,3,1,20
E01000836,3,0,1,0,2
E01000837,8,1,2,0,5
E01000838,7,0,1,0,6
E01000839,4,0,0,0,4
E01000840,3,0,0,0,3
E01000841,13,0,3,1,9
E01000842,28,1,8,5,14
E01000843,178,135,23,6,14
E01000844,23,0,13,3,7
E01000845,22,0,11,4,7
E01000846,21,0,12,3,6
E01000847,37,0,13,5,19
E01000848,52,3,32,2,15
E01000849,33,4,14,5,10
E01000850,1148,141,591,30,386
E01000851,359,8,126,14,211
E01000853,184,28,58,7,91
E01000855,1240,76,728,41,395
E01000856,131,38,61,9,23
E01000857,17,0,10,2,5
E01000858,764,443,220,13,88
E01000859,79,20,24,6,29
E01000860,36,1,14,7,14
E01000861,178,2,105,7,64
E01000862,241,4,153,11,73
E01000863,1373,238,746,28,361
E01000866,58,3,30,8,17
E01000867,70,8,39,6,17
E01000868,16,1,4,2,9
E01000869,34,0,18,0,16
E01000870,15,1,5,3,6
E01000871,102,84,2,0,16
E01000872,80,30,9,5,36
E01000873,20,0,2,2,16
E01000874,12,0,3,1,8
E01000875,13,0,3,2,8
E01000876,11,0,3,3,5
E01000877,23,0,13,1,9
E01000878,12,0,3,1,8
E01000879,45,33,6,1,5
E01000880,8,0,0,0,8
E01000881,46,1,20,5,20
E01000882,48,0,30,6,12
E01000883,202,45,94,1,62
E01000884,4,0,1,1,2
E01000885,13,0,0,0,13
E01000886,27,0,11,6,10
E01000887,77,5,38,7,27
E01000888,31,0,11,4,16
E01000889,13,0,6,1,6
E01000890,14,0,5,2,7
E01000891,27,3,8,1,15
E01000892,17,0,6,3,8
E01000893,24,0,12,7,5
E01000894,79,42,24,3,10
E01000895,213,116,40,3,54
E01000896,58,12,18,6,22
E01000897,33,0,21,3,9
E01000898,312,150,84,8,70
E01000899,32,0,16,1,15
E01000900,26,0,13,2,11
E01000901,22,0,5,2,15
E01000902,10,0,4,2,4
E01000903,23,0,7,3,13
E01000904,131,62,39,4,26
E01000905,40,2,19,9,10
E01000906,118,16,71,7,24
E01000907,14,0,6,0,8
E01000908,8,0,1,1,6
E01000909,34,4,12,7,11
E01000910,19,0,7,2,10
E01000911,13,0,4,2,7
E01000912,71,1,25,19,26
E01000913,40,1,10,6,23
E01000914,1032,89,462,31,450
E01000915,68,0,21,5,42
E01000916,301,51,105,18,127
E01000917,81,27,32,2,20
E01000918,870,41,363,27,439
E01000919,2171,163,1407,38,563
E01000920,183,31,79,13,60
E01000921,94,45,24,5,20
E01000922,106,28,33,7,38
E01000923,19,0,6,3,10
E01000924,20,1,5,2,12
E01000925,11,0,3,3,5
E01000926,21,1,12,1,7
E01000927,82,15,26,18,23
E01000928,232,199,10,4,19
E01000929,12,1,5,0,6
E01000930,128,67,21,7,33
E01000931,210,138,37,4,31
E01000932,9,0,4,0,5
E01000933,104,24,23,8,49
E01000934,102,86,3,3,10
E01000935,25,2,6,2,15
E01000937,84,1,40,6,37
E01000938,160,6,71,4,79
E01000939,541,30,277,10,224
E01000941,40,2,25,1,12
E01000942,250,7,122,5,116
E01000943,106,2,51,5,48
E01000944,12,0,4,2,6
E01000946,292,26,167,11,88
E01000947,572,35,373,8,156
E01000948,51,6,27,5,13
E01000949,15,0,8,2,5
E01000951,10,0,7,0,3
E01000952,58,4,32,5,17
E01000954,7,0,6,0,1
E01000955,103,2,48,4,49
E01000956,263,0,111,17,135
E01000957,32,3,14,1,14
E01000958,141,70,28,9,34
E01000959,43,1,18,5,19
E01000960,152,54,63,4,31
E01000961,24,10,4,2,8
E01000962,23,0,8,2,13
E01000963,172,2,126,8,36
E01000964,25,0,14,3,8
E01000965,17,0,4,1,12
E01000966,5,0,1,2,2
E01000967,14,0,7,1,6
E01000968,43,0,17,5,21
E01000969,67,25,15,1,26
E01000970,50,2,14,3,31
E01000971,3,0,1,0,2
E01000972,352,173,108,8,63
E01000973,176,61,67,6,42
E01000974,14,0,9,1,4
E01000975,34,5,8,0,21
E01000976,297,260,8,3,26
E01000977,19,1,3,3,12
E01000978,9,0,0,0,9
E01000979,58,31,2,1,24
E01000980,4,0,0,0,4
E01000981,6,0,0,0,6
E01000982,13,0,0,1,12
E01000983,15,6,0,0,9
E01000984,32,16,0,1,15
E01000985,6,1,1,0,4
E01000986,98,82,3,0,13
E01000987,9,6,0,0,3
E01000989,7,0,2,0,5
E01000990,11,3,0,0,8
E01000991,21,15,0,0,6
E01000992,55,21,2,0,32
E01000993,51,42,2,0,7
E01000994,3,0,0,2,1
E01000995,49,10,8,1,30
E01000996,2,0,1,0,1
E01000997,11,0,2,0,9
E01000998,15,1,2,0,12
E01000999,3,0,1,0,2
E01001000,24,4,4,1,15
E01001001,7,0,0,0,7
E01001002,4,0,1,0,3
E01001003,5,0,1,0,4
E01001004,15,0,1,0,14
E01001005,14,2,2,1,9
E01001006,114,95,3,2,14
E01001007,22,16,2,1,3
E01001008,51,38,2,0,11
E01001009,22,12,3,0,7
E01001010,107,32,14,5,56
E01001011,65,26,12,4,23
E01001012,25,0,4,2,19
E01001013,321,208,50,7,56
E01001015,9,0,1,0,8
E01001016,10,0,3,0,7
E01001017,8,0,1,0,7
E01001018,3,1,0,1,1
E01001019,4,0,0,0,4
E01001020,9,2,0,0,7
E01001021,7,0,0,0,7
E01001022,3,0,0,1,2
E01001023,160,118,4,2,36
E01001024,5,2,0,0,3
E01001025,1,1,0,0,0
E01001026,9,1,0,1,7
E01001027,45,1,0,1,43
E01001028,9,0,1,0,8
E01001029,8,0,0,0,8
E01001030,3,0,0,0,3
E01001031,33,23,3,0,7
E01001032,2,0,1,0,1
E01001033,20,0,1,2,17
E01001034,12,4,3,0,5
E01001035,9,0,0,0,9
E01001036,7,0,0,0,7
E01001037,35,11,1,1,22
E01001038,3,0,0,0,3
E01001039,2,0,0,0,2
E01001040,14,2,0,0,12
E01001041,7,0,1,0,6
E01001042,133,44,22,2,65
E01001044,12,0,1,0,11
E01001046,7,0,2,0,5
E01001047,15,0,4,1,10
E01001049,6,0,1,0,5
E01001050,9,0,1,1,7
E01001051,17,1,1,1,14
E01001053,7,0,0,0,7
E01001054,6,0,0,0,6
E01001055,14,4,2,0,8
E01001056,12,0,2,1,9
E01001057,12,0,1,0,11
E01001058,3,0,0,0,3
E01001059,3,0,0,0,3
E01001060,8,0,0,0,8
E01001061,9,0,2,1,6
E01001062,157,142,3,0,12
E01001063,5,0,0,0,5
E01001064,48,24,3,0,21
E01001065,70,54,5,0,11
E01001066,6,0,0,1,5
E01001067,6,0,0,0,6
E01001068,6,1,0,1,4
E01001069,5,0,0,1,4
E01001070,13,1,0,0,12
E01001071,6,3,0,0,3
E01001072,5,0,0,0,5
E01001073,3,0,1,0,2
E01001074,24,5,2,1,16
E01001075,202,194,2,0,6
E01001076,92,76,3,0,13
E01001077,3,0,0,0,3
E01001078,52,12,2,1,37
E01001079,12,6,0,0,6
E01001080,18,6,0,0,12
E01001081,8,0,2,0,6
E01001082,18,3,3,0,12
E01001083,9,0,3,0,6
E01001084,10,3,1,0,6
E01001085,51,14,11,0,26
E01001086,13,1,3,1,8
E01001087,52,11,12,3,26
E01001088,5,0,1,0,4
E01001089,449,429,5,1,14
E01001090,17,1,2,1,13
E01001091,8,0,2,1,5
E01001092,6,0,3,0,3
E01001093,9,0,1,0,8
E01001094,9,0,2,1,6
E01001095,25,3,3,4,15
E01001096,4,0,0,0,4
E01001097,138,68,15,1,54
E01001098,5,0,0,0,5
E01001099,13,0,0,0,13
E01001100,7,2,2,0,3
E01001102,23,14,2,0,7
E01001103,2,0,1,0,1
E01001104,3,0,0,0,3
E01001105,2,0,0,0,2
E01001106,6,3,0,0,3
E01001107,4,0,0,0,4
E01001108,5,0,0,0,5
E01001109,30,5,6,2,17
E01001110,32,5,7,1,19
E01001111,64,28,6,1,29
E01001112,7,0,1,0,6
E01001113,10,0,2,0,8
E01001114,22,0,2,2,18
E01001115,21,8,4,0,9
E01001116,66,29,7,3,27
E01001118,47,4,5,4,34
E01001119,1,0,0,0,1
E01001120,21,12,0,0,9
E01001121,1,0,0,0,1
E01001122,5,0,0,1,4
E01001123,8,0,1,0,7
E01001124,3,0,1,0,2
E01001125,59,38,2,1,18
E01001126,3,0,0,0,3
E01001127,2,0,0,1,1
E01001128,12,0,2,0,10
E01001129,3,0,1,0,2
E01001130,8,0,1,0,7
E01001131,8,2,1,0,5
E01001132,43,33,1,0,9
E01001133,7,0,5,0,2
E01001134,4,0,0,0,4
E01001135,36,1,1,0,34
E01001136,73,45,10,1,17
E01001137,17,0,3,3,11
E01001138,2,0,0,0,2
E01001139,9,1,0,0,8
E01001140,12,0,2,0,10
E01001141,3,0,0,0,3
E01001142,22,5,5,2,10
E01001143,17,0,1,2,14
E01001144,15,3,0,1,11
E01001145,29,9,3,0,17
E01001146,7,0,1,0,6
E01001147,8,0,0,0,8
E01001148,24,1,4,0,19
E01001149,3,0,0,0,3
E01001150,14,4,1,2,7
E01001151,16,2,0,0,14
E01001152,20,2,7,1,10
E01001153,10,0,0,1,9
E01001154,24,2,5,0,17
E01001155,108,42,16,4,46
E01001156,18,0,4,1,13
E01001157,16,0,1,0,15
E01001158,10,0,3,0,7
E01001159,7,0,0,2,5
E01001160,32,18,4,1,9
E01001161,14,1,3,0,10
E01001162,23,4,1,0,18
E01001163,7,0,2,0,5
E01001164,49,22,7,1,19
E01001165,15,3,2,1,9
E01001166,6,0,0,0,6
E01001167,440,394,10,5,31
E01001168,20,8,0,0,12
E01001169,12,0,3,0,9
E01001170,6,2,3,0,1
E01001171,12,0,2,1,9
E01001172,80,11,6,1,62
E01001173,23,0,5,1,17
E01001174,12,0,3,0,9
E01001175,26,2,6,1,17
E01001176,35,21,2,0,12
E01001177,34,2,4,1,27
E01001178,78,6,7,2,63
E01001179,13,1,4,1,7
E01001180,14,4,5,1,4
E01001181,38,19,6,1,12
E01001182,10,0,0,2,8
E01001183,101,69,8,3,21
E01001184,2,0,0,0,2
E01001185,17,7,0,1,9
E01001186,11,0,0,1,10
E01001187,14,0,7,1,6
E01001188,14,1,1,0,12
E01001189,10,0,1,2,7
E01001190,8,0,1,0,7
E01001191,36,9,2,6,19
E01001192,56,40,1,1,14
E01001193,12,0,2,0,10
E01001194,37,16,6,1,14
E01001195,13,0,6,0,7
E01001196,35,21,2,4,8
E01001197,5,0,0,1,4
E01001198,16,2,0,0,14
E01001199,18,5,1,1,11
E01001200,20,0,6,1,13
E01001201,11,0,0,0,11
E01001202,285,191,22,14,58
E01001203,21,7,2,4,8
E01001204,3,0,1,0,2
E01001205,13,0,0,3,10
E01001206,11,0,0,0,11
E01001207,15,0,1,2,12
E01001208,9,0,0,2,7
E01001209,41,24,3,1,13
E01001210,15,1,2,2,10
E01001211,5,0,0,0,5
E01001212,8,0,2,1,5
E01001213,19,0,3,0,16
E01001214,5,0,2,0,3
E01001215,32,4,8,2,18
E01001216,9,0,2,1,6
E01001217,6,0,0,0,6
E01001218,17,0,2,1,14
E01001219,23,0,3,1,19
E01001220,9,0,1,3,5
E01001223,4,0,0,0,4
E01001224,3,0,0,1,2
E01001225,107,16,30,23,38
E01001226,12,0,2,0,10
E01001227,8,3,1,1,3
E01001228,23,0,2,7,14
E01001229,12,1,1,1,9
E01001230,16,0,3,3,10
E01001231,63,29,8,2,24
E01001232,8,0,0,0,8
E01001233,58,19,9,2,28
E01001234,49,11,9,6,23
E01001235,38,1,4,5,28
E01001236,16,0,4,0,12
E01001237,7,0,0,3,4
E01001239,13,1,3,0,9
E01001240,26,2,2,1,21
E01001241,22,1,2,1,18
E01001242,28,1,9,4,14
E01001243,53,5,7,7,34
E01001244,30,0,9,4,17
E01001245,45,15,3,4,23
E01001246,45,1,10,3,31
E01001247,211,74,24,17,96
E01001248,12,0,4,0,8
E01001249,131,63,12,11,45
E01001250,23,2,4,3,14
E01001251,28,7,5,3,13
E01001252,116,64,6,15,31
E01001253,29,5,5,3,16
E01001254,15,1,1,3,10
E01001255,4,0,0,1,3
E01001257,19,0,3,2,14
E01001258,10,0,4,0,6
E01001259,9,1,4,1,3
E01001260,13,0,6,0,7
E01001261,170,91,23,3,53
E01001262,10,0,4,1,5
E01001263,8,0,2,1,5
E01001264,2,0,0,0,2
E01001265,10,3,1,0,6
E01001266,104,50,12,2,40
E01001267,39,11,2,0,26
E01001268,6,0,1,0,5
E01001269,38,11,4,2,21
E01001270,6,0,0,0,6
E01001271,19,2,3,1,13
E01001272,64,39,5,3,17
E01001273,16,3,1,1,11
E01001274,9,0,1,1,7
E01001275,9,0,2,0,7
E01001276,25,1,6,3,15
E01001277,35,7,8,0,20
E01001278,43,8,13,3,19
E01001279,7,0,1,1,5
E01001280,11,0,3,1,7
E01001281,5,1,0,1,3
E01001282,3,0,0,0,3
E01001283,11,0,0,1,10
E01001284,5,0,1,0,4
E01001285,18,8,6,0,4
E01001286,5,0,0,0,5
E01001287,2,1,0,0,1
E01001288,10,0,1,0,9
E01001289,7,0,2,0,5
E01001290,12,0,2,0,10
E01001291,11,0,3,1,7
E01001292,3,0,0,0,3
E01001293,6,0,2,0,4
E01001294,9,0,2,0,7
E01001295,5,0,1,0,4
E01001296,7,0,2,1,4
E01001297,14,2,3,0,9
E01001298,11,0,1,0,10
E01001299,21,4,1,4,12
E01001300,3,0,0,1,2
E01001301,30,7,2,2,19
E01001302,14,2,3,1,8
E01001303,36,12,4,4,16
E01001304,11,0,0,3,8
E01001305,5,1,3,1,0
E01001306,11,0,0,0,11
E01001307,10,0,0,0,10
E01001308,6,0,1,0,5
E01001309,13,1,1,0,11
E01001310,309,296,5,2,6
E01001311,9,0,0,0,9
E01001312,10,3,3,1,3
E01001313,2,0,0,0,2
E01001314,11,1,0,1,9
E01001315,4,1,1,0,2
E01001316,26,8,4,0,14
E01001317,9,2,1,0,6
E01001318,10,0,1,1,8
E01001319,3,0,0,0,3
E01001320,13,0,1,0,12
E01001321,11,0,3,0,8
E01001322,64,3,19,9,33
E01001323,58,23,18,4,13
E01001324,8,0,0,0,8
E01001325,8,1,0,0,7
E01001326,27,4,5,1,17
E01001327,43,23,6,2,12
E01001328,31,7,8,1,15
E01001329,5,0,1,0,4
E01001330,16,0,3,4,9
E01001331,5,0,1,2,2
E01001332,5,0,1,1,3
E01001333,80,1,24,14,41
E01001334,12,0,5,1,6
E01001335,11,0,4,1,6
E01001336,18,2,4,1,11
E01001337,96,27,7,6,56
E01001338,36,13,5,1,17
E01001339,35,5,0,9,21
E01001340,15,2,2,1,10
E01001341,12,4,2,1,5
E01001342,12,0,4,1,7
E01001343,12,0,0,0,12
E01001344,18,0,5,0,13
E01001345,16,0,6,0,10
E01001346,13,0,0,2,11
E01001347,59,24,7,4,24
E01001348,95,68,17,3,7
E01001349,17,2,4,0,11
E01001350,10,0,0,0,10
E01001351,79,27,17,1,34
E01001352,18,4,3,3,8
E01001353,17,0,6,3,8
E01001354,151,20,6,3,122
E01001355,29,3,3,6,17
E01001356,14,0,3,2,9
E01001357,13,2,0,3,8
E01001358,35,1,4,4,26
E01001359,74,5,31,1,37
E01001360,75,2,30,1,42
E01001361,540,169,198,12,161
E01001362,86,5,40,7,34
E01001363,7,0,2,0,5
E01001364,22,0,2,0,20
E01001365,22,3,3,1,15
E01001366,9,1,3,0,5
E01001367,177,94,22,3,58
E01001368,9,0,2,0,7
E01001369,34,2,12,5,15
E01001370,54,8,6,2,38
E01001371,28,0,6,0,22
E01001372,11,0,2,2,7
E01001373,22,2,4,2,14
E01001374,8,0,1,0,7
E01001375,10,1,0,2,7
E01001376,14,1,1,0,12
E01001377,11,6,0,0,5
E01001379,6,0,0,3,3
E01001380,14,0,1,2,11
E01001381,33,5,6,1,21
E01001382,8,0,1,0,7
E01001383,9,0,1,1,7
E01001384,10,0,1,2,7
E01001385,15,4,3,2,6
E01001386,37,1,5,7,24
E01001387,32,0,8,8,16
E01001388,54,17,11,1,25
E01001389,145,103,10,7,25
E01001390,6,1,2,0,3
E01001391,15,3,4,0,8
E01001392,4,0,0,0,4
E01001393,8,0,2,0,6
E01001394,12,0,3,1,8
E01001395,15,0,2,2,11
E01001396,22,2,5,0,15
E01001397,17,0,4,0,13
E01001398,4,0,1,0,3
E01001399,10,2,0,0,8
E01001400,4,0,1,0,3
E01001401,25,3,0,0,22
E01001402,15,1,1,0,13
E01001403,14,0,0,0,14
E01001404,4,0,1,0,3
E01001405,3,0,0,0,3
E01001406,60,38,5,4,13
E01001407,1,1,0,0,0
E01001408,10,2,0,0,8
E01001409,25,0,6,1,18
E01001410,19,0,0,0,19
E01001411,65,32,4,0,29
E01001412,26,6,5,0,15
E01001413,7,1,0,0,6
E01001414,3,0,0,0,3
E01001415,53,33,5,0,15
E01001416,13,2,1,0,10
E01001417,21,4,1,0,16
E01001418,16,3,3,0,10
E01001419,30,5,7,0,18
E01001420,4,0,0,0,4
E01001421,12,3,1,0,8
E01001422,11,0,3,0,8
E01001423,20,1,3,0,16
E01001424,14,0,7,1,6
E01001425,45,1,11,1,32
E01001426,18,0,3,2,13
E01001427,32,1,6,1,24
E01001428,14,1,0,0,13
E01001429,434,176,124,26,108
E01001430,24,0,13,2,9
E01001431,13,0,3,1,9
E01001432,33,1,14,2,16
E01001433,28,3,4,0,21
E01001434,7,0,2,0,5
E01001435,11,0,2,1,8
E01001436,12,0,4,0,8
E01001437,56,22,5,1,28
E01001438,15,3,1,0,11
E01001439,233,204,13,1,15
E01001440,63,32,13,0,18
E01001441,57,5,15,9,28
E01001442,26,3,7,1,15
E01001444,11,1,3,1,6
E01001445,27,1,0,0,26
E01001446,9,0,0,0,9
E01001447,20,0,2,1,17
E01001448,14,0,3,0,11
E01001449,22,2,5,2,13
E01001450,176,36,79,3,58
E01001451,138,69,39,0,30
E01001452,2,0,0,0,2
E01001453,2,0,0,0,2
E01001454,6,0,0,0,6
E01001455,9,1,2,1,5
E01001456,3,0,1,0,2
E01001457,12,0,2,0,10
E01001458,36,1,11,2,22
E01001459,7,0,1,0,6
E01001460,19,1,3,0,15
E01001461,21,1,3,3,14
E01001462,9,0,2,1,6
E01001463,3,0,0,0,3
E01001464,13,1,1,0,11
E01001465,12,0,5,0,7
E01001466,6,0,2,0,4
E01001467,11,0,2,0,9
E01001468,33,1,5,0,27
E01001469,3,1,0,0,2
E01001470,7,1,1,0,5
E01001471,4,0,0,1,3
E01001472,20,15,2,0,3
E01001473,2,0,0,0,2
E01001474,10,0,1,0,9
E01001475,7,0,2,0,5
E01001476,16,0,4,2,10
E01001477,17,0,3,0,14
E01001478,7,0,2,0,5
E01001479,45,5,8,1,31
E01001480,6,0,1,0,5
E01001481,10,0,2,0,8
E01001482,15,0,3,0,12
E01001483,13,0,2,2,9
E01001484,26,4,4,0,18
E01001485,45,3,14,1,27
E01001486,15,0,2,0,13
E01001487,24,1,4,1,18
E01001488,19,0,2,1,16
E01001489,8,0,1,0,7
E01001491,19,1,2,1,15
E01001492,16,2,4,0,10
E01001493,14,0,4,2,8
E01001494,9,0,0,0,9
E01001495,25,7,1,1,16
E01001496,9,0,0,0,9
E01001497,5,1,0,0,4
E01001498,103,56,18,3,26
E01001499,10,0,2,0,8
E01001500,22,6,6,1,9
E01001501,598,558,8,4,28
E01001502,54,27,10,6,11
E01001503,9,0,2,1,6
E01001504,20,0,7,0,13
E01001505,12,0,5,0,7
E01001507,147,72,39,5,31
E01001508,31,1,14,2,14
E01001509,13,0,0,1,12
E01001511,281,221,16,3,41
E01001512,61,35,7,1,18
E01001513,253,210,12,2,29
E01001514,25,1,4,1,19
E01001515,8,0,1,0,7
E01001516,78,8,12,2,56
E01001517,12,0,4,0,8
E01001518,48,3,18,3,24
E01001520,11,0,5,0,6
E01001521,9,0,1,1,7
E01001522,23,11,1,0,11
E01001523,4,0,0,0,4
E01001524,6,0,1,1,4
E01001525,4,0,0,0,4
E01001526,6,0,2,1,3
E01001527,22,2,2,3,15
E01001528,398,376,3,2,17
E01001529,17,0,3,1,13
E01001530,10,0,1,0,9
E01001531,4,0,0,0,4
E01001532,18,0,4,0,14
E01001533,3,0,2,0,1
E01001534,43,11,16,1,15
E01001535,10,0,1,2,7
E01001536,150,16,51,6,77
E01001537,8,1,0,1,6
E01001538,5,0,3,0,2
E01001539,10,1,2,0,7
E01001540,77,46,7,0,24
E01001541,11,0,5,1,5
E01001542,14,1,0,0,13
E01001543,5,1,1,0,3
E01001544,19,0,5,0,14
E01001545,25,0,3,2,20
E01001546,14,0,2,0,12
E01001547,28,7,7,3,11
E01001548,23,0,5,1,17
E01001549,24,5,4,0,15
E01001550,18,0,6,1,11
E01001551,24,4,5,1,14
E01001552,18,2,5,1,10
E01001553,8,0,2,1,5
E01001554,72,2,25,4,41
E01001555,64,10,16,2,36
E01001556,15,1,3,1,10
E01001557,14,1,2,0,11
E01001558,104,27,30,3,44
E01001559,472,74,113,5,280
E01001560,12,0,2,0,10
E01001562,14,0,3,1,10
E01001563,42,10,12,1,19
E01001564,38,20,5,0,13
E01001565,20,0,3,1,16
E01001566,9,0,3,0,6
E01001567,6,0,0,0,6
E01001568,5,0,1,0,4
E01001569,32,10,3,3,16
E01001570,18,1,7,0,10
E01001571,5,2,1,0,2
E01001572,37,28,2,1,6
E01001573,27,8,1,0,18
E01001574,10,0,1,0,9
E01001575,49,29,5,0,15
E01001576,29,5,5,2,17
E01001577,17,0,3,0,14
E01001578,214,176,5,7,26
E01001579,17,0,4,2,11
E01001580,50,4,4,0,42
E01001581,23,8,6,1,8
E01001582,23,2,6,1,14
E01001583,5,1,0,0,4
E01001584,18,0,5,8,5
E01001585,11,0,2,1,8
E01001586,7,0,1,0,6
E01001587,20,0,5,2,13
E01001588,17,0,3,1,13
E01001589,16,12,1,0,3
E01001590,24,1,6,2,15
E01001591,65,33,9,2,21
E01001592,8,0,2,1,5
E01001593,6,1,1,0,4
E01001594,15,0,1,0,14
E01001595,11,0,2,0,9
E01001596,6,1,0,0,5
E01001597,9,1,0,1,7
E01001598,4,1,1,0,2
E01001599,7,3,1,0,3
E01001600,5,3,1,1,0
E01001601,7,0,1,0,6
E01001602,26,9,3,2,12
E01001603,4,0,0,1,3
E01001604,90,81,4,2,3
E01001605,1,0,0,0,1
E01001606,2,0,0,0,2
E01001607,22,4,2,1,15
E01001608,4,0,1,0,3
E01001609,154,75,28,6,45
E01001610,2,0,0,1,1
E01001611,19,3,3,2,11
E01001613,20,11,3,1,5
E01001614,32,26,0,0,6
E01001615,92,28,25,2,37
E01001617,40,19,4,1,16
E01001618,6,0,1,0,5
E01001619,9,1,1,0,7
E01001620,32,20,3,0,9
E01001621,14,0,5,0,9
E01001623,35,19,6,0,10
E01001624,4,0,1,0,3
E01001625,10,1,4,0,5
E01001629,22,0,2,2,18
E01001631,39,5,9,1,24
E01001632,19,1,2,0,16
E01001633,15,0,1,0,14
E01001634,12,0,1,1,10
E01001635,5,0,0,0,5
E01001636,12,1,2,0,9
E01001637,16,1,1,0,14
E01001638,36,9,8,1,18
E01001641,188,28,51,31,78
E01001642,78,0,33,10,35
E01001644,149,84,34,4,27
E01001645,13,0,2,0,11
E01001646,110,77,6,2,25
E01001647,13,0,2,0,11
E01001648,14,0,4,2,8
E01001649,12,0,1,0,11
E01001650,8,0,1,0,7
E01001651,17,0,3,0,14
E01001652,44,22,4,0,18
E01001653,7,0,1,1,5
E01001654,9,0,1,0,8
E01001655,14,4,1,0,9
E01001656,6,0,1,2,3
E01001657,25,3,9,2,11
E01001658,22,0,6,3,13
E01001659,38,14,7,0,17
E01001660,12,0,3,0,9
E01001661,6,0,1,0,5
E01001664,199,167,17,2,13
E01001665,20,0,6,5,9
E01001666,161,73,22,13,53
E01001669,22,4,3,0,15
E01001671,11,0,3,0,8
E01001672,17,3,5,1,8
E01001673,63,28,6,5,24
E01001674,14,0,2,0,12
E01001675,44,18,4,2,20
E01001676,39,7,7,3,22
E01001677,18,0,2,3,13
E01001678,27,9,2,1,15
E01001679,9,0,2,0,7
E01001680,3,0,1,0,2
E01001681,10,0,3,0,7
E01001682,15,0,3,0,12
E01001683,55,42,2,0,11
E01001684,9,0,2,0,7
E01001685,8,0,0,0,8
E01001686,11,0,2,0,9
E01001687,12,0,0,1,11
E01001688,137,117,4,0,16
E01001690,19,4,1,0,14
E01001692,8,0,2,0,6
E01001693,12,0,3,0,9
E01001694,9,0,0,0,9
E01001695,15,0,6,0,9
E01001696,75,17,11,2,45
E01001697,9,0,1,2,6
E01001698,16,0,4,0,12
E01001699,12,0,1,1,10
E01001700,38,8,7,0,23
E01001701,67,4,10,3,50
E01001702,14,0,1,0,13
E01001703,31,4,3,0,24
E01001704,28,4,1,0,23
E01001705,33,0,6,1,26
E01001708,8,0,1,0,7
E01001710,7,0,1,1,5
E01001712,25,1,5,1,18
E01001714,146,30,88,9,19
E01001715,39,3,21,2,13
E01001716,115,1,76,5,33
E01001717,32,0,7,8,17
E01001718,33,1,20,1,11
E01001719,99,55,27,5,12
E01001720,15,0,8,2,5
E01001722,91,19,35,8,29
E01001723,12,0,6,0,6
E01001724,38,2,11,7,18
E01001725,5,0,1,2,2
E01001726,3,0,1,0,2
E01001727,19,0,4,4,11
E01001728,14,0,6,2,6
E01001729,167,49,53,11,54
E01001730,58,1,24,11,22
E01001731,283,112,94,21,56
E01001732,21,0,11,3,7
E01001733,138,60,30,18,30
E01001734,102,10,35,23,34
E01001735,57,3,33,3,18
E01001736,27,0,8,8,11
E01001737,77,0,15,31,31
E01001738,39,0,23,4,12
E01001739,87,10,41,15,21
E01001740,41,4,19,7,11
E01001741,24,1,10,4,9
E01001742,55,0,20,8,27
E01001744,38,2,16,4,16
E01001745,101,4,40,26,31
E01001746,19,0,4,6,9
E01001747,238,90,80,19,49
E01001749,46,1,13,12,20
E01001750,81,0,30,19,32
E01001751,92,3,36,21,32
E01001753,42,0,12,7,23
E01001755,39,1,9,12,17
E01001756,96,28,30,14,24
E01001757,7,0,2,0,5
E01001758,48,3,20,4,21
E01001759,33,4,11,4,14
E01001760,521,250,141,27,103
E01001761,57,4,14,11,28
E01001762,94,1,37,17,39
E01001763,77,5,20,18,34
E01001764,36,3,10,8,15
E01001765,30,0,16,3,11
E01001767,13,0,5,0,8
E01001768,21,0,4,4,13
E01001769,28,0,14,0,14
E01001770,71,5,40,8,18
E01001772,20,2,7,3,8
E01001773,45,0,14,16,15
E01001774,99,2,40,23,34
E01001775,32,0,10,9,13
E01001776,77,1,34,22,20
E01001777,252,108,62,39,43
E01001780,213,22,114,13,64
E01001781,24,0,13,3,8
E01001783,14,1,3,1,9
E01001784,63,3,26,16,18
E01001785,24,1,4,4,15
E01001786,26,0,8,2,16
E01001787,19,0,7,3,9
E01001788,23,2,7,5,9
E01001789,37,0,13,7,17
E01001790,11,0,3,2,6
E01001791,20,0,7,5,8
E01001792,66,6,39,6,15
E01001793,39,0,16,3,20
E01001794,68,15,24,5,24
E01001795,30,2,16,4,8
E01001796,33,1,12,2,18
E01001798,81,1,33,10,37
E01001799,19,0,6,2,11
E01001800,418,364,20,7,27
E01001801,17,0,2,5,10
E01001802,7,0,4,0,3
E01001803,27,0,8,8,11
E01001804,3,0,1,0,2
E01001805,30,0,16,9,5
E01001806,64,1,34,5,24
E01001807,27,0,8,4,15
E01001808,143,23,60,12,48
E01001809,17,0,13,1,3
E01001811,44,0,33,0,11
E01001812,29,0,13,2,14
E01001813,108,2,77,3,26
E01001814,29,0,16,3,10
E01001815,18,1,8,1,8
E01001816,53,0,13,18,22
E01001819,31,0,5,8,18
E01001820,14,0,2,3,9
E01001821,21,0,6,5,10
E01001822,39,5,12,5,17
E01001823,15,0,1,7,7
E01001824,32,1,12,2,17
E01001825,13,0,4,2,7
E01001826,11,0,1,1,9
E01001827,32,0,16,4,12
E01001828,18,0,5,6,7
E01001829,50,18,14,7,11
E01001830,95,29,21,9,36
E01001831,63,16,25,5,17
E01001832,21,0,8,1,12
E01001833,57,8,11,5,33
E01001834,43,9,8,9,17
E01001835,14,0,6,4,4
E01001836,47,1,15,14,17
E01001837,39,0,21,6,12
E01001838,26,0,9,2,15
E01001839,139,20,46,16,57
E01001840,21,0,13,0,8
E01001841,12,0,6,3,3
E01001842,17,0,6,3,8
E01001843,14,0,6,2,6
E01001844,96,55,18,7,16
E01001845,19,0,9,0,10
E01001846,127,20,55,17,35
E01001847,23,0,9,5,9
E01001848,48,2,16,6,24
E01001849,183,28,90,17,48
E01001850,21,0,6,7,8
E01001851,16,0,2,2,12
E01001852,13,0,4,2,7
E01001853,18,1,2,7,8
E01001854,36,11,7,1,17
E01001855,12,0,1,1,10
E01001856,53,14,8,9,22
E01001857,240,89,48,22,81
E01001858,58,26,4,2,26
E01001859,7,0,0,0,7
E01001860,98,36,16,9,37
E01001861,18,0,4,4,10
E01001862,34,0,7,7,20
E01001863,13,1,2,3,7
E01001864,22,3,3,8,8
E01001865,24,4,2,5,13
E01001866,64,2,13,7,42
E01001867,12,0,4,2,6
E01001868,17,0,3,5,9
E01001869,22,0,1,8,13
E01001870,9,0,1,1,7
E01001871,20,1,4,3,12
E01001872,23,0,4,5,14
E01001873,12,0,0,3,9
E01001875,14,2,3,2,7
E01001876,85,1,20,26,38
E01001877,69,27,16,4,22
E01001878,16,0,3,1,12
E01001879,11,0,3,0,8
E01001880,28,3,3,7,15
E01001881,142,60,20,16,46
E01001882,9,0,1,3,5
E01001883,27,0,8,5,14
E01001884,54,4,8,9,33
E01001885,7,1,1,2,3
E01001886,48,26,3,7,12
E01001887,10,0,3,0,7
E01001888,24,5,0,7,12
E01001889,34,4,3,5,22
E01001890,71,0,13,14,44
E01001891,174,112,16,8,38
E01001892,10,0,1,1,8
E01001893,60,2,21,19,18
E01001894,130,50,27,13,40
E01001895,22,2,2,7,11
E01001896,27,3,4,3,17
E01001897,11,0,0,3,8
E01001898,493,99,132,39,223
E01001899,356,113,124,23,96
E01001900,115,42,33,8,32
E01001901,13,0,1,4,8
E01001902,42,10,8,2,22
E01001903,33,16,1,6,10
E01001904,14,0,1,3,10
E01001905,16,3,0,0,13
E01001906,2,0,0,0,2
E01001907,19,0,4,2,13
E01001908,24,4,4,5,11
E01001909,12,0,2,3,7
E01001910,14,0,4,1,9
E01001911,20,2,4,3,11
E01001912,44,2,13,3,26
E01001913,16,0,2,7,7
E01001914,134,108,5,2,19
E01001915,40,4,13,6,17
E01001916,16,1,4,2,9
E01001917,19,0,2,8,9
E01001918,8,0,2,3,3
E01001919,18,0,2,6,10
E01001920,93,24,24,5,40
E01001921,20,2,2,3,13
E01001922,68,16,9,12,31
E01001923,16,0,1,3,12
E01001924,16,0,1,3,12
E01001925,41,2,11,4,24
E01001926,12,0,1,7,4
E01001927,4,0,2,1,1
E01001928,22,1,4,4,13
E01001929,8,0,3,0,5
E01001930,10,0,1,3,6
E01001931,3,0,1,1,1
E01001932,80,26,10,8,36
E01001933,50,15,4,11,20
E01001934,15,0,2,2,11
E01001935,8,0,0,1,7
E01001937,22,1,5,4,12
E01001938,5,0,0,0,5
E01001940,31,4,7,4,16
E01001941,176,18,71,13,74
E01001942,48,2,9,8,29
E01001943,1661,893,349,101,318
E01001944,29,0,4,3,22
E01001945,43,3,5,10,25
E01001946,80,1,19,16,44
E01001947,17,8,0,2,7
E01001948,73,41,6,7,19
E01001949,14,2,1,2,9
E01001950,36,10,5,4,17
E01001951,39,13,4,8,14
E01001952,23,4,3,4,12
E01001953,184,121,10,10,43
E01001954,10,0,1,5,4
E01001955,19,1,4,3,11
E01001956,10,0,0,4,6
E01001957,24,19,3,1,1
E01001958,27,0,6,8,13
E01001959,13,0,4,1,8
E01001960,20,2,3,4,11
E01001961,5,0,0,0,5
E01001962,6,0,3,1,2
E01001963,7,0,2,0,5
E01001964,14,0,8,0,6
E01001965,9,0,1,0,8
E01001966,40,1,21,0,18
E01001967,5,0,0,0,5
E01001968,6,0,1,0,5
E01001969,11,0,1,0,10
E01001970,69,9,5,0,55
E01001971,16,0,8,0,8
E01001972,22,5,5,0,12
E01001973,20,0,2,1,17
E01001974,12,0,4,1,7
E01001975,19,2,5,0,12
E01001976,12,0,3,0,9
E01001977,13,0,6,1,6
E01001978,20,0,7,1,12
E01001979,87,4,42,3,38
E01001980,33,0,7,0,26
E01001981,9,0,4,1,4
E01001982,20,1,4,1,14
E01001983,15,0,3,1,11
E01001984,8,0,1,1,6
E01001985,9,0,1,0,8
E01001986,13,0,2,1,10
E01001987,15,0,5,1,9
E01001988,12,1,1,0,10
E01001989,43,21,7,1,14
E01001990,157,73,21,10,53
E01001991,21,9,4,2,6
E01001992,12,1,8,0,3
E01001993,10,2,3,0,5
E01001994,13,0,4,1,8
E01001995,19,0,2,2,15
E01001996,9,0,4,0,5
E01001997,70,30,20,2,18
E01001998,9,0,2,0,7
E01001999,81,18,25,5,33
E01002000,9,0,2,0,7
E01002001,35,4,11,6,14
E01002002,344,8,210,12,114
E01002003,72,4,39,2,27
E01002004,9,0,1,0,8
E01002005,41,15,5,3,18
E01002006,7,0,1,1,5
E01002007,20,9,4,0,7
E01002008,32,0,5,1,26
E01002009,73,50,10,2,11
E01002010,19,0,4,1,14
E01002011,23,0,4,5,14
E01002013,6,0,2,0,4
E01002014,28,3,10,4,11
E01002015,11,4,1,0,6
E01002016,17,1,3,2,11
E01002017,10,1,4,0,5
E01002018,9,0,1,0,8
E01002019,36,17,9,2,8
E01002020,14,0,4,1,9
E01002021,7,1,4,0,2
E01002022,205,84,40,8,73
E01002023,6,1,0,0,5
E01002024,13,0,4,1,8
E01002025,6,0,0,1,5
E01002026,585,221,201,10,153
E01002027,12,1,2,1,8
E01002028,7,0,3,1,3
E01002029,661,479,59,7,116
E01002030,54,25,9,1,19
E01002031,316,96,113,6,101
E01002032,44,7,5,0,32
E01002033,24,5,7,0,12
E01002034,194,31,86,8,69
E01002036,36,0,8,7,21
E01002037,37,1,9,1,26
E01002038,65,6,23,5,31
E01002039,62,23,3,0,36
E01002040,39,2,7,2,28
E01002041,27,0,5,4,18
E01002042,32,0,11,0,21
E01002043,29,2,11,1,15
E01002044,34,1,14,2,17
E01002045,17,0,6,0,11
E01002046,30,1,19,0,10
E01002047,12,1,3,3,5
E01002048,55,31,12,0,12
E01002049,20,4,7,0,9
E01002050,10,0,3,3,4
E01002051,81,3,60,3,15
E01002052,20,0,7,3,10
E01002053,31,5,8,6,12
E01002054,27,0,14,1,12
E01002055,37,2,11,2,22
E01002056,67,2,37,6,22
E01002057,21,0,4,3,14
E01002058,150,47,46,6,51
E01002059,12,1,1,0,10
E01002060,6,0,2,0,4
E01002061,15,0,2,2,11
E01002062,18,3,1,4,10
E01002063,15,0,8,1,6
E01002064,56,31,10,2,13
E01002065,68,1,26,4,37
E01002066,159,0,88,23,48
E01002067,28,0,13,2,13
E01002068,209,87,58,11,53
E01002069,403,135,187,10,71
E01002070,22,0,4,1,17
E01002071,42,2,24,1,15
E01002072,112,1,62,8,41
E01002073,81,3,51,7,20
E01002074,33,7,12,6,8
E01002075,51,18,9,3,21
E01002076,15,0,3,3,9
E01002077,231,86,70,12,63
E01002078,39,0,21,3,15
E01002079,18,0,5,1,12
E01002081,135,37,54,5,39
E01002082,12,0,4,3,5
E01002083,11,0,3,0,8
E01002084,29,4,9,1,15
E01002085,28,3,15,1,9
E01002086,13,0,6,0,7
E01002087,25,0,6,2,17
E01002088,16,0,3,1,12
E01002089,4,0,0,1,3
E01002090,17,4,3,0,10
E01002091,12,0,0,0,12
E01002092,14,2,4,0,8
E01002093,32,5,10,0,17
E01002094,10,1,1,1,7
E01002095,52,5,9,2,36
E01002096,13,0,3,0,10
E01002097,33,2,14,1,16
E01002098,15,2,4,0,9
E01002099,16,0,8,1,7
E01002100,39,1,19,2,17
E01002101,21,0,5,0,16
E01002102,19,0,6,1,12
E01002103,10,0,5,0,5
E01002104,14,0,4,1,9
E01002105,90,4,57,3,26
E01002106,9,3,1,1,4
E01002107,5,0,2,1,2
E01002108,4,0,1,0,3
E01002109,5,0,1,1,3
E01002110,9,1,2,0,6
E01002111,41,23,6,1,11
E01002112,22,0,7,3,12
E01002113,10,0,1,1,8
E01002114,16,0,2,0,14
E01002115,4,0,0,0,4
E01002116,5,0,0,2,3
E01002118,46,7,14,0,25
E01002119,35,7,5,3,20
E01002120,6,0,2,0,4
E01002121,6,0,0,2,4
E01002122,5,0,1,0,4
E01002123,34,18,5,1,10
E01002124,3,0,1,0,2
E01002125,10,3,1,0,6
E01002127,14,0,4,1,9
E01002128,15,2,2,2,9
E01002129,843,408,262,11,162
E01002130,293,110,83,9,91
E01002131,13,2,1,1,9
E01002132,11,2,2,0,7
E01002133,41,0,13,0,28
E01002134,8,0,0,0,8
E01002135,53,29,6,1,17
E01002136,46,18,12,1,15
E01002137,28,4,12,0,12
E01002138,4,0,1,0,3
E01002139,4,0,0,0,4
E01002140,10,1,5,0,4
E01002141,5,0,1,0,4
E01002142,75,48,12,1,14
E01002143,8,0,0,0,8
E01002144,9,0,2,0,7
E01002145,6,1,2,0,3
E01002146,2,0,1,0,1
E01002147,7,0,1,0,6
E01002148,13,2,2,1,8
E01002149,6,0,0,0,6
E01002150,271,247,9,0,15
E01002151,15,2,2,1,10
E01002152,7,1,1,0,5
E01002153,3,0,1,0,2
E01002155,4,0,1,0,3
E01002156,5,0,1,0,4
E01002157,47,12,18,1,16
E01002158,1,0,0,0,1
E01002159,26,17,1,1,7
E01002160,164,121,11,3,29
E01002161,39,0,12,0,27
E01002162,18,0,2,5,11
E01002163,5,0,1,0,4
E01002164,17,0,6,1,10
E01002165,4,0,1,0,3
E01002166,7,0,3,0,4
E01002167,3,0,1,0,2
E01002168,5,0,2,0,3
E01002169,18,3,5,0,10
E01002170,2,0,1,0,1
E01002171,11,0,4,0,7
E01002172,6,0,1,0,5
E01002173,7,0,0,0,7
E01002174,5,1,0,0,4
E01002175,10,0,3,0,7
E01002176,16,0,8,0,8
E01002177,10,2,1,0,7
E01002178,3,0,0,0,3
E01002179,107,42,14,11,40
E01002181,31,1,2,2,26
E01002182,6,0,1,1,4
E01002183,15,0,1,3,11
E01002184,12,0,1,0,11
E01002185,11,0,1,1,9
E01002186,181,161,4,0,16
E01002187,7,0,0,0,7
E01002189,126,86,15,1,24
E01002190,5,0,0,0,5
E01002191,7,0,2,0,5
E01002192,15,0,6,0,9
E01002193,19,0,6,0,13
E01002194,7,0,0,0,7
E01002195,24,21,0,0,3
E01002196,3,0,0,0,3
E01002197,4,0,1,0,3
E01002198,24,20,1,0,3
E01002199,4,0,1,0,3
E01002200,6,0,1,1,4
E01002201,2,0,0,0,2
E01002202,61,6,8,2,45
E01002203,8,0,2,2,4
E01002204,11,0,4,0,7
E01002206,18,6,3,0,9
E01002207,3,0,0,0,3
E01002208,6,0,2,0,4
E01002209,58,10,24,4,20
E01002210,9,1,3,0,5
E01002211,7,0,2,0,5
E01002212,115,32,3,0,80
E01002214,14,1,5,1,7
E01002215,19,0,4,1,14
E01002216,9,0,4,0,5
E01002217,10,1,0,0,9
E01002218,54,36,7,1,10
E01002219,43,24,4,0,15
E01002220,6,0,1,0,5
E01002221,45,27,7,1,10
E01002222,13,0,4,0,9
E01002223,9,0,0,0,9
E01002224,2,0,0,0,2
E01002225,3,0,0,0,3
E01002226,68,38,9,5,16
E01002227,4,0,0,0,4
E01002228,6,0,0,0,6
E01002229,13,0,0,0,13
E01002230,1,0,1,0,0
E01002231,6,0,1,1,4
E01002232,25,4,2,0,19
E01002233,48,23,4,1,20
E01002234,10,0,2,1,7
E01002235,12,1,2,0,9
E01002236,75,23,7,3,42
E01002237,15,5,3,0,7
E01002238,16,0,4,1,11
E01002239,11,0,2,0,9
E01002240,13,1,5,2,5
E01002241,14,0,0,0,14
E01002242,6,1,0,0,5
E01002243,30,11,2,2,15
E01002244,7,0,2,0,5
E01002245,21,9,2,0,10
E01002246,13,4,1,1,7
E01002247,22,0,4,1,17
E01002248,63,2,16,5,40
E01002250,7,0,1,0,6
E01002251,6,0,0,0,6
E01002252,2,0,0,0,2
E01002253,1,0,0,0,1
E01002254,19,4,0,0,15
E01002255,2,0,0,0,2
E01002256,1,0,0,0,1
E01002258,6,1,1,0,4
E01002259,3,0,0,1,2
E01002260,4,0,1,0,3
E01002261,146,128,5,2,11
E01002262,5,0,1,0,4
E01002263,3,0,2,0,1
E01002264,10,0,1,0,9
E01002265,23,14,0,1,8
E01002266,112,107,0,1,4
E01002267,5,0,0,0,5
E01002268,3,0,0,0,3
E01002269,22,13,0,0,9
E01002270,7,0,1,0,6
E01002271,7,0,1,0,6
E01002272,2,0,0,0,2
E01002273,1,0,0,0,1
E01002274,23,19,0,0,4
E01002275,6,1,1,0,4
E01002276,9,0,0,2,7
E01002277,18,0,0,0,18
E01002278,11,0,0,1,10
E01002279,4,0,1,0,3
E01002280,4,0,0,0,4
E01002281,32,22,1,0,9
E01002282,184,151,4,1,28
E01002283,9,0,0,0,9
E01002284,12,0,3,2,7
E01002285,15,8,0,2,5
E01002286,2,0,0,0,2
E01002287,12,1,3,3,5
E01002289,117,109,1,0,7
E01002290,7,3,1,0,3
E01002291,30,21,1,0,8
E01002292,7,0,1,0,6
E01002294,4,0,1,0,3
E01002295,4,0,1,0,3
E01002296,4,0,0,0,4
E01002297,11,3,1,1,6
E01002298,8,0,0,0,8
E01002299,7,0,1,1,5
E01002300,13,0,5,0,8
E01002301,10,0,1,1,8
E01002302,12,2,1,0,9
E01002303,8,0,2,0,6
E01002304,6,0,0,1,5
E01002305,8,0,1,0,7
E01002306,10,0,1,0,9
E01002307,2,0,0,0,2
E01002308,5,0,0,0,5
E01002309,7,0,1,0,6
E01002310,92,52,3,2,35
E01002311,9,1,1,1,6
E01002312,15,0,1,0,14
E01002313,15,0,0,0,15
E01002314,10,0,0,0,10
E01002315,11,0,1,0,10
E01002316,53,35,3,0,15
E01002317,2,0,0,0,2
E01002319,197,49,6,0,142
E01002320,4,0,0,0,4
E01002321,21,7,2,1,11
E01002322,7,0,1,1,5
E01002323,2,0,0,0,2
E01002324,5,0,0,1,4
E01002325,43,35,0,0,8
E01002326,148,21,0,0,127
E01002327,3,0,0,0,3
E01002328,7,1,0,1,5
E01002329,64,56,0,1,7
E01002330,14,1,3,0,10
E01002331,48,29,5,1,13
E01002332,42,29,1,0,12
E01002333,10,6,1,0,3
E01002334,5,0,1,1,3
E01002335,5,0,1,1,3
E01002336,7,1,1,0,5
E01002337,12,0,1,0,11
E01002338,2,0,0,0,2
E01002339,4,0,1,0,3
E01002340,4,0,0,1,3
E01002341,7,0,0,0,7
E01002342,9,1,2,0,6
E01002343,7,0,0,0,7
E01002344,20,0,7,0,13
E01002345,123,73,9,0,41
E01002346,7,0,2,1,4
E01002347,2,0,1,0,1
E01002348,9,0,1,0,8
E01002349,5,0,0,0,5
E01002350,82,56,4,5,17
E01002351,20,13,1,0,6
E01002352,13,1,1,1,10
E01002353,117,39,25,2,51
E01002354,10,0,2,0,8
E01002355,5,1,1,0,3
E01002356,291,75,91,18,107
E01002358,16,1,2,2,11
E01002359,5,0,0,2,3
E01002360,11,1,2,1,7
E01002361,258,186,21,0,51
E01002362,9,1,0,0,8
E01002363,4,0,0,0,4
E01002364,3,0,1,0,2
E01002365,8,5,1,0,2
E01002366,14,10,2,0,2
E01002367,26,16,2,0,8
E01002368,94,20,9,3,62
E01002369,9,0,1,0,8
E01002370,48,6,3,1,38
E01002371,8,0,4,0,4
E01002372,3,0,0,0,3
E01002373,3,0,0,0,3
E01002374,32,18,1,1,12
E01002375,7,0,1,0,6
E01002376,6,0,1,0,5
E01002377,10,2,1,0,7
E01002378,3,0,0,0,3
E01002379,191,178,3,2,8
E01002380,24,0,1,5,18
E01002381,3,0,1,0,2
E01002382,8,2,3,0,3
E01002383,8,0,2,0,6
E01002384,24,10,3,2,9
E01002385,6,0,1,0,5
E01002386,161,125,11,3,22
E01002387,21,12,4,0,5
E01002388,2,0,0,0,2
E01002389,4,0,0,0,4
E01002390,7,3,0,0,4
E01002391,7,0,0,0,7
E01002392,9,1,0,0,8
E01002393,32,8,7,5,12
E01002394,7,0,2,0,5
E01002395,5,0,0,1,4
E01002396,23,2,10,0,11
E01002397,69,28,12,5,24
E01002398,9,0,3,0,6
E01002399,13,1,4,0,8
E01002400,9,0,2,0,7
E01002401,32,4,4,1,23
E01002402,5,0,3,1,1
E01002403,12,0,1,1,10
E01002404,11,0,0,2,9
E01002405,26,1,7,0,18
E01002408,7,0,0,0,7
E01002409,18,0,0,1,17
E01002410,34,7,4,1,22
E01002411,13,0,3,0,10
E01002412,69,15,11,2,41
E01002413,11,4,0,1,6
E01002414,42,6,9,1,26
E01002415,5,0,0,0,5
E01002416,3,0,1,0,2
E01002417,13,2,3,2,6
E01002418,1,0,0,0,1
E01002419,6,0,1,0,5
E01002420,9,0,2,0,7
E01002421,27,22,0,1,4
E01002422,33,11,9,2,11
E01002423,22,10,2,0,10
E01002424,1,0,0,0,1
E01002425,7,0,0,0,7
E01002426,1,0,0,0,1
E01002427,7,1,2,0,4
E01002428,6,0,1,0,5
E01002429,6,0,1,1,4
E01002430,3,0,0,1,2
E01002431,4,0,1,1,2
E01002432,120,87,9,4,20
E01002433,16,0,2,2,12
E01002434,20,1,0,1,18
E01002435,2,0,1,0,1
E01002436,15,6,3,0,6
E01002437,3,0,1,0,2
E01002438,4,0,0,0,4
E01002439,24,12,2,0,10
E01002440,5,0,0,0,5
E01002441,6,0,0,0,6
E01002442,1,0,0,0,1
E01002443,76,19,9,0,48
E01002444,1594,278,70,4,1242
E01002445,18,5,2,1,10
E01002446,47,8,6,10,23
E01002447,118,6,6,2,104
E01002448,62,47,4,0,11
E01002449,28,6,1,0,21
E01002450,7,1,3,1,2
E01002451,10,3,0,0,7
E01002452,62,43,1,1,17
E01002453,1,0,1,0,0
E01002454,9,1,2,0,6
E01002455,21,5,1,1,14
E01002456,54,44,2,1,7
E01002457,39,27,3,0,9
E01002458,9,0,1,1,7
E01002459,3,0,0,0,3
E01002460,22,3,4,0,15
E01002461,3,1,0,0,2
E01002462,4,0,0,0,4
E01002463,7,0,1,0,6
E01002464,2,0,0,1,1
E01002465,9,0,1,0,8
E01002466,2,0,1,0,1
E01002467,12,0,1,0,11
E01002468,2,0,0,1,1
E01002469,20,13,2,1,4
E01002470,29,18,4,0,7
E01002471,6,0,2,2,2
E01002472,191,171,5,3,12
E01002473,5,0,1,0,4
E01002474,6,0,1,0,5
E01002475,16,0,0,0,16
E01002476,3,0,0,0,3
E01002477,4,2,0,0,2
E01002478,17,2,3,1,11
E01002479,9,0,1,1,7
E01002480,7,0,1,0,6
E01002481,13,0,2,0,11
E01002482,6,0,0,0,6
E01002483,49,30,9,1,9
E01002484,3,0,2,0,1
E01002485,42,23,5,1,13
E01002486,23,3,4,0,16
E01002487,18,1,2,3,12
E01002488,12,2,3,1,6
E01002489,84,33,8,9,34
E01002490,22,1,7,1,13
E01002491,6,0,0,0,6
E01002492,7,0,1,2,4
E01002493,11,0,2,3,6
E01002494,5,0,1,0,4
E01002495,10,0,1,0,9
E01002496,94,53,5,3,33
E01002497,232,174,17,6,35
E01002498,5,0,1,0,4
E01002499,17,3,1,0,13
E01002501,18,3,4,1,10
E01002502,8,0,1,0,7
E01002503,78,45,5,9,19
E01002505,288,189,35,9,55
E01002506,256,119,48,8,81
E01002507,41,21,1,0,19
E01002508,46,32,4,1,9
E01002509,5,1,0,0,4
E01002511,20,15,1,0,4
E01002512,47,14,8,3,22
E01002513,7,1,1,0,5
E01002514,47,2,12,5,28
E01002516,10,0,2,0,8
E01002518,16,0,2,0,14
E01002519,17,0,3,1,13
E01002520,25,3,5,2,15
E01002521,488,274,88,10,116
E01002523,20,2,4,0,14
E01002525,17,2,3,0,12
E01002526,84,54,5,2,23
E01002527,9,0,1,0,8
E01002528,18,2,5,0,11
E01002529,33,6,8,2,17
E01002530,21,5,2,1,13
E01002531,22,12,2,0,8
E01002533,3,0,0,0,3
E01002534,34,26,1,0,7
E01002535,96,52,13,2,29
E01002536,4,1,1,0,2
E01002537,23,7,3,0,13
E01002538,35,21,3,0,11
E01002539,2,0,0,0,2
E01002540,95,39,3,1,52
E01002541,12,4,3,0,5
E01002542,29,3,5,2,19
E01002543,12,1,4,1,6
E01002544,137,45,2,0,90
E01002545,58,31,3,8,16
E01002546,10,0,4,1,5
E01002547,35,20,3,0,12
E01002548,20,5,0,0,15
E01002549,9,0,0,0,9
E01002550,5,0,1,0,4
E01002551,9,0,2,2,5
E01002552,9,0,1,1,7
E01002553,10,1,1,1,7
E01002555,21,7,3,0,11
E01002556,11,4,0,1,6
E01002557,21,3,1,1,16
E01002558,33,16,3,3,11
E01002559,28,6,5,2,15
E01002560,12,0,1,0,11
E01002561,3,0,1,0,2
E01002562,58,1,27,3,27
E01002563,40,4,21,2,13
E01002564,66,7,3,5,51
E01002565,84,28,31,4,21
E01002567,46,18,2,4,22
E01002569,17,1,3,4,9
E01002570,73,36,7,8,22
E01002571,7,0,2,1,4
E01002572,46,0,8,18,20
E01002573,41,0,5,18,18
E01002574,34,0,11,6,17
E01002575,14,0,2,7,5
E01002576,8,0,1,1,6
E01002577,15,1,1,1,12
E01002578,127,108,3,4,12
E01002579,24,0,5,4,15
E01002580,46,0,8,5,33
E01002581,21,0,2,6,13
E01002582,11,0,0,5,6
E01002583,5,0,2,0,3
E01002584,48,23,6,2,17
E01002585,17,1,1,2,13
E01002586,19,0,2,6,11
E01002587,17,0,5,2,10
E01002588,14,0,2,2,10
E01002589,21,0,4,3,14
E01002590,12,2,2,0,8
E01002591,4,0,0,0,4
E01002592,129,28,6,1,94
E01002593,37,11,3,5,18
E01002594,26,4,6,0,16
E01002595,23,1,8,2,12
E01002596,8,0,0,0,8
E01002598,210,147,5,5,53
E01002599,2,0,0,1,1
E01002600,12,0,1,0,11
E01002601,25,3,2,3,17
E01002602,4,0,0,0,4
E01002603,8,0,2,1,5
E01002604,8,1,1,1,5
E01002605,18,7,1,0,10
E01002606,11,0,2,1,8
E01002607,31,10,2,3,16
E01002608,71,53,3,3,12
E01002609,7,0,3,0,4
E01002610,11,0,2,0,9
E01002611,14,4,1,1,8
E01002612,59,1,13,14,31
E01002613,19,13,2,0,4
E01002614,27,1,7,5,14
E01002615,34,3,4,6,21
E01002616,13,1,0,1,11
E01002617,10,0,0,1,9
E01002618,33,22,0,0,11
E01002619,17,0,1,2,14
E01002620,26,1,2,6,17
E01002621,10,0,5,0,5
E01002622,23,7,3,1,12
E01002623,17,0,5,1,11
E01002624,37,14,7,4,12
E01002625,8,2,0,0,6
E01002626,53,22,8,5,18
E01002627,5,0,1,1,3
E01002628,25,0,5,5,15
E01002629,25,2,10,1,12
E01002630,297,284,4,2,7
E01002631,33,21,4,0,8
E01002632,34,14,3,4,13
E01002633,28,6,3,5,14
E01002634,16,0,1,1,14
E01002635,27,24,0,0,3
E01002636,12,0,4,0,8
E01002637,259,116,34,8,101
E01002638,29,18,2,0,9
E01002639,10,2,1,1,6
E01002640,24,1,8,2,13
E01002641,150,50,35,5,60
E01002643,19,2,3,2,12
E01002645,23,2,7,2,12
E01002646,18,0,5,0,13
E01002647,13,0,6,1,6
E01002649,24,2,0,7,15
E01002650,32,11,4,2,15
E01002651,20,1,4,2,13
E01002652,56,28,5,6,17
E01002653,6,0,0,1,5
E01002654,5,0,3,0,2
E01002655,11,2,3,1,5
E01002656,3,0,0,1,2
E01002657,8,1,3,1,3
E01002658,10,0,0,2,8
E01002660,18,4,5,0,9
E01002661,44,8,9,2,25
E01002662,31,7,8,5,11
E01002663,21,1,5,0,15
E01002665,27,3,8,2,14
E01002666,8,0,2,0,6
E01002667,22,1,4,2,15
E01002668,23,4,2,4,13
E01002669,19,2,0,1,16
E01002670,28,2,3,4,19
E01002671,6,1,1,1,3
E01002672,55,26,4,10,15
E01002673,7,0,1,0,6
E01002674,6,0,1,1,4
E01002675,14,0,0,2,12
E01002676,22,0,8,1,13
E01002677,36,17,5,1,13
E01002678,141,40,7,3,91
E01002679,15,0,4,0,11
E01002680,14,0,2,0,12
E01002681,74,7,8,5,54
E01002682,25,1,7,0,17
E01002686,61,31,5,2,23
E01002687,49,31,1,6,11
E01002689,16,2,2,2,10
E01002690,8,0,2,1,5
E01002691,25,8,3,4,10
E01002692,47,14,3,5,25
E01002693,153,65,17,24,47
E01002694,18,2,6,3,7
E01002695,157,19,63,10,65
E01002696,524,264,118,22,120
E01002697,42,1,25,6,10
E01002698,37,1,6,6,24
E01002699,22,2,1,3,16
E01002700,27,0,5,3,19
E01002701,143,8,65,18,52
E01002702,104,1,41,7,55
E01002703,63,5,24,7,27
E01002704,1104,331,450,45,278
E01002706,115,2,60,16,37
E01002707,182,0,88,18,76
E01002708,83,2,33,7,41
E01002709,11,0,4,1,6
E01002710,94,5,32,5,52
E01002711,527,73,183,13,258
E01002712,30,1,11,2,16
E01002713,44,4,13,5,22
E01002714,58,26,11,8,13
E01002715,58,33,13,5,7
E01002716,31,1,12,4,14
E01002717,19,1,6,3,9
E01002718,22,1,5,1,15
E01002719,67,0,26,6,35
E01002720,53,13,13,3,24
E01002721,40,0,17,9,14
E01002722,19,0,4,5,10
E01002723,84,6,34,10,34
E01002724,694,15,387,18,274
E01002725,71,0,45,12,14
E01002726,345,136,75,8,126
E01002727,49,3,18,7,21
E01002728,69,5,37,2,25
E01002729,42,3,16,4,19
E01002730,16,1,3,2,10
E01002732,51,0,17,13,21
E01002733,39,16,5,8,10
E01002734,562,31,371,21,139
E01002735,324,103,101,17,103
E01002736,21,0,4,2,15
E01002737,14,0,3,3,8
E01002738,57,5,23,7,22
E01002739,109,20,18,15,56
E01002740,173,3,74,31,65
E01002741,30,0,14,4,12
E01002742,32,1,11,4,16
E01002743,21,0,14,5,2
E01002744,24,0,7,9,8
E01002745,21,1,7,2,11
E01002747,70,0,40,10,20
E01002748,336,43,208,3,82
E01002749,52,6,17,3,26
E01002751,19,2,7,0,10
E01002752,36,1,11,6,18
E01002753,7,0,1,1,5
E01002754,16,0,5,1,10
E01002755,10,0,0,1,9
E01002756,17,0,7,0,10
E01002757,9,0,1,1,7
E01002758,35,8,7,1,19
E01002759,19,1,5,1,12
E01002760,20,1,2,1,16
E01002762,29,1,8,6,14
E01002763,136,71,27,7,31
E01002764,21,0,6,3,12
E01002765,102,43,21,12,26
E01002766,78,45,12,6,15
E01002767,46,11,12,3,20
E01002768,18,0,5,2,11
E01002769,43,6,7,9,21
E01002770,428,199,75,27,127
E01002771,17,0,7,2,8
E01002772,65,23,8,6,28
E01002773,24,7,5,0,12
E01002774,131,48,25,10,48
E01002775,68,0,37,12,19
E01002776,35,2,15,8,10
E01002777,22,0,11,0,11
E01002778,35,0,13,6,16
E01002779,48,1,27,6,14
E01002780,44,2,19,5,18
E01002781,9,0,5,0,4
E01002782,29,0,21,2,6
E01002783,17,0,6,5,6
E01002784,10,0,2,3,5
E01002785,38,3,12,7,16
E01002786,35,3,6,6,20
E01002787,14,0,4,5,5
E01002788,26,3,10,5,8
E01002789,52,0,24,9,19
E01002790,155,86,32,6,31
E01002791,173,78,29,19,47
E01002792,84,45,13,5,21
E01002793,59,8,26,2,23
E01002794,808,406,147,29,226
E01002795,274,50,74,32,118
E01002796,18,0,8,3,7
E01002797,41,6,12,5,18
E01002798,39,1,19,7,12
E01002799,23,0,12,0,11
E01002800,36,5,11,9,11
E01002801,56,3,33,6,14
E01002802,33,0,17,7,9
E01002804,24,0,5,4,15
E01002805,108,53,20,3,32
E01002806,11,0,3,0,8
E01002807,23,1,3,7,12
E01002808,39,7,7,5,20
E01002809,37,12,3,5,17
E01002810,11,1,0,2,8
E01002811,20,1,3,1,15
E01002812,14,1,6,3,4
E01002813,35,0,7,3,25
E01002814,67,25,4,6,32
E01002815,11,0,3,1,7
E01002816,109,44,26,2,37
E01002817,87,26,22,6,33
E01002818,346,134,103,10,99
E01002819,277,61,111,1,104
E01002821,433,26,168,4,235
E01002823,125,2,56,1,66
E01002824,17,0,2,0,15
E01002825,46,0,15,5,26
E01002826,406,79,186,11,130
E01002827,135,3,47,6,79
E01002828,82,11,26,6,39
E01002829,38,2,9,6,21
E01002830,136,26,54,6,50
E01002831,316,64,149,6,97
E01002832,181,58,49,7,67
E01002833,164,48,53,1,62
E01002834,3,0,0,0,3
E01002835,336,122,47,5,162
E01002836,19,0,5,4,10
E01002837,17,1,2,3,11
E01002839,50,0,13,6,31
E01002840,31,0,7,4,20
E01002841,17,1,2,3,11
E01002842,1,0,0,0,1
E01002843,54,19,8,4,23
E01002844,18,0,6,3,9
E01002845,28,7,11,0,10
E01002846,20,3,4,1,12
E01002847,145,49,33,7,56
E01002848,38,0,5,8,25
E01002849,14,0,4,2,8
E01002850,186,49,25,5,107
E01002851,93,12,19,5,57
E01002852,127,39,32,7,49
E01002853,38,8,11,1,18
E01002854,59,21,25,2,11
E01002855,73,4,32,3,34
E01002856,35,1,13,4,17
E01002857,25,4,6,2,13
E01002858,57,10,25,6,16
E01002859,402,220,109,3,70
E01002860,48,4,22,0,22
E01002861,60,28,19,3,10
E01002862,29,8,12,0,9
E01002863,49,2,30,1,16
E01002864,14,0,4,1,9
E01002865,117,64,18,6,29
E01002866,16,0,3,3,10
E01002867,42,7,6,5,24
E01002868,7,0,2,0,5
E01002869,33,0,11,1,21
E01002870,280,252,11,4,13
E01002871,110,49,21,4,36
E01002872,23,1,8,1,13
E01002873,16,0,5,0,11
E01002874,48,1,23,2,22
E01002875,7,0,5,0,2
E01002876,56,34,3,5,14
E01002877,53,8,7,15,23
E01002878,99,19,38,3,39
E01002879,27,0,4,7,16
E01002880,14,2,4,1,7
E01002881,13,0,4,1,8
E01002882,78,5,31,3,39
E01002883,95,19,26,3,47
E01002884,353,157,93,9,94
E01002885,58,3,17,4,34
E01002886,151,88,28,4,31
E01002887,72,2,17,2,51
E01002888,53,26,6,4,17
E01002889,240,90,77,8,65
E01002890,53,0,14,2,37
E01002891,30,0,11,5,14
E01002892,30,1,9,7,13
E01002893,21,0,5,4,12
E01002894,28,0,3,2,23
E01002896,29,5,6,5,13
E01002897,46,12,6,5,23
E01002898,27,0,15,2,10
E01002899,21,2,4,2,13
E01002900,25,0,6,1,18
E01002901,40,5,20,2,13
E01002902,361,77,161,7,116
E01002903,189,53,65,3,68
E01002904,9,0,0,2,7
E01002905,50,6,17,5,22
E01002906,49,0,9,6,34
E01002907,2,0,1,0,1
E01002908,22,1,3,2,16
E01002909,17,0,7,1,9
E01002910,45,1,16,2,26
E01002911,86,18,24,8,36
E01002912,178,16,16,12,134
E01002913,22,0,4,3,15
E01002914,239,63,82,14,80
E01002915,2,1,0,0,1
E01002916,4,0,0,0,4
E01002917,4,0,0,0,4
E01002918,2,0,1,0,1
E01002919,42,13,3,6,20
E01002920,6,4,0,0,2
E01002921,14,0,3,1,10
E01002922,1,0,1,0,0
E01002923,14,0,0,0,14
E01002924,4,0,0,2,2
E01002925,9,4,0,0,5
E01002926,9,0,0,1,8
E01002927,16,2,2,1,11
E01002928,22,6,0,4,12
E01002929,44,30,3,5,6
E01002930,135,73,12,11,39
E01002931,37,13,4,6,14
E01002932,18,7,3,0,8
E01002933,7,0,1,1,5
E01002934,118,113,0,2,3
E01002935,41,23,4,3,11
E01002937,6,0,1,0,5
E01002938,15,0,1,4,10
E01002939,26,16,2,0,8
E01002940,4,0,0,0,4
E01002941,34,25,2,0,7
E01002942,8,0,0,1,7
E01002943,4,0,0,0,4
E01002944,4,2,0,0,2
E01002945,4,0,1,0,3
E01002946,8,0,1,0,7
E01002947,6,0,0,0,6
E01002948,45,11,3,1,30
E01002949,4,0,2,0,2
E01002950,3,0,0,0,3
E01002951,5,1,0,0,4
E01002952,3,1,1,0,1
E01002953,10,1,0,0,9
E01002954,38,1,6,6,25
E01002955,6,2,1,0,3
E01002956,8,2,0,1,5
E01002957,7,0,0,2,5
E01002958,3,0,1,0,2
E01002959,5,1,0,0,4
E01002960,16,6,3,1,6
E01002961,4,0,0,0,4
E01002962,3,0,0,0,3
E01002963,17,6,1,3,7
E01002964,95,0,29,11,55
E01002965,47,3,4,11,29
E01002966,11,0,3,1,7
E01002967,8,0,1,1,6
E01002968,1712,872,369,132,339
E01002969,9,0,1,0,8
E01002970,21,0,7,1,13
E01002971,13,1,0,1,11
E01002972,28,7,2,2,17
E01002973,82,58,9,3,12
E01002974,19,3,1,2,13
E01002975,10,5,0,0,5
E01002976,4,0,0,0,4
E01002977,21,0,1,2,18
E01002978,7,0,1,2,4
E01002979,2,0,0,0,2
E01002981,4,0,0,0,4
E01002982,2,0,0,0,2
E01002983,3,2,0,0,1
E01002984,13,3,0,3,7
E01002985,11,6,0,1,4
E01002986,6,0,0,1,5
E01002987,128,71,12,9,36
E01002988,17,4,1,3,9
E01002989,16,3,1,2,10
E01002990,7,0,2,1,4
E01002991,13,6,0,0,7
E01002992,11,0,1,1,9
E01002993,3,0,1,0,2
E01002994,3,0,0,0,3
E01002995,7,0,0,0,7
E01002996,21,4,3,2,12
E01002997,16,8,0,0,8
E01002998,4,0,0,0,4
E01002999,20,2,0,2,16
E01003000,17,6,0,2,9
E01003001,40,10,6,2,22
E01003002,14,3,1,2,8
E01003003,31,16,1,1,13
E01003004,10,0,2,1,7
E01003005,9,5,0,0,4
E01003006,19,6,1,5,7
E01003007,6,0,0,0,6
E01003008,4,0,0,0,4
E01003009,5,0,2,1,2
E01003010,17,5,1,6,5
E01003011,27,1,2,8,16
E01003013,1082,64,553,44,421
E01003014,137,0,84,11,42
E01003015,22,0,7,4,11
E01003016,344,2,189,37,116
E01003017,291,8,176,20,87
E01003018,59,12,16,8,23
E01003019,23,2,3,3,15
E01003020,128,18,43,11,56
E01003021,30,0,8,3,19
E01003022,16,0,1,3,12
E01003023,47,13,7,6,21
E01003024,21,6,7,0,8
E01003025,21,2,4,1,14
E01003026,54,5,18,4,27
E01003027,11,0,3,1,7
E01003028,7,0,2,2,3
E01003029,24,2,4,4,14
E01003030,22,0,3,1,18
E01003031,15,0,2,2,11
E01003032,88,3,38,3,44
E01003033,16,0,1,2,13
E01003034,23,2,4,4,13
E01003035,608,16,382,13,197
E01003036,22,0,7,3,12
E01003037,77,21,14,4,38
E01003038,28,0,4,10,14
E01003039,103,22,26,10,45
E01003040,27,11,4,3,9
E01003041,534,394,78,6,56
E01003042,15,0,6,1,8
E01003043,34,2,8,4,20
E01003044,13,0,6,3,4
E01003045,28,1,6,0,21
E01003046,13,0,6,1,6
E01003047,727,144,325,49,209
E01003048,44,8,8,3,25
E01003049,6,0,3,2,1
E01003050,28,5,7,7,9
E01003051,32,0,6,3,23
E01003052,41,1,16,6,18
E01003053,80,55,6,5,14
E01003054,109,24,47,10,28
E01003055,411,119,168,18,106
E01003056,21,1,6,1,13
E01003057,20,2,6,3,9
E01003058,18,1,3,4,10
E01003059,45,15,3,4,23
E01003060,33,7,8,5,13
E01003061,201,28,104,15,54
E01003062,33,10,4,4,15
E01003063,18,2,2,1,13
E01003064,9,2,0,2,5
E01003065,12,0,1,0,11
E01003066,12,0,2,1,9
E01003067,21,5,0,3,13
E01003068,9,0,3,0,6
E01003069,13,2,1,1,9
E01003070,20,0,0,3,17
E01003071,44,20,8,5,11
E01003072,14,0,4,0,10
E01003073,92,50,12,5,25
E01003074,181,21,56,34,70
E01003075,7,0,0,1,6
E01003076,152,6,55,8,83
E01003077,23,4,9,3,7
E01003078,24,4,13,0,7
E01003079,44,14,4,1,25
E01003080,25,2,3,3,17
E01003081,38,3,11,5,19
E01003082,7,0,1,0,6
E01003083,19,0,0,2,17
E01003084,12,1,3,1,7
E01003085,8,0,0,0,8
E01003086,15,0,4,1,10
E01003087,26,11,6,1,8
E01003088,21,1,8,1,11
E01003089,29,1,14,4,10
E01003090,170,17,75,9,69
E01003091,14,0,0,6,8
E01003092,35,0,9,10,16
E01003093,202,3,113,4,82
E01003094,17,0,5,2,10
E01003095,19,0,1,4,14
E01003096,52,0,5,4,43
E01003097,31,0,16,5,10
E01003098,11,0,5,3,3
E01003099,100,2,56,5,37
E01003100,42,2,23,6,11
E01003101,66,5,25,6,30
E01003102,406,40,253,20,93
E01003104,35,0,13,7,15
E01003105,31,1,9,0,21
E01003106,23,3,7,4,9
E01003107,63,2,29,6,26
E01003108,47,2,13,6,26
E01003110,34,0,15,4,15
E01003111,30,3,12,1,14
E01003112,54,0,29,7,18
E01003113,80,42,7,5,26
E01003114,115,50,20,6,39
E01003115,13,0,2,0,11
E01003116,14,0,3,0,11
E01003117,60,15,14,4,27
E01003118,244,166,30,6,42
E01003119,16,0,0,3,13
E01003120,45,5,17,1,22
E01003121,9,0,3,0,6
E01003122,46,5,17,6,18
E01003123,16,0,7,5,4
E01003124,22,0,9,3,10
E01003125,12,0,1,1,10
E01003126,35,7,8,6,14
E01003127,15,0,1,4,10
E01003128,96,18,51,5,22
E01003129,610,567,8,8,27
E01003130,17,1,3,0,13
E01003131,95,39,15,9,32
E01003132,22,0,5,0,17
E01003133,136,121,5,2,8
E01003134,16,0,4,5,7
E01003135,18,0,1,2,15
E01003136,8,0,0,0,8
E01003137,11,0,4,0,7
E01003138,8,0,0,1,7
E01003139,87,78,3,1,5
E01003140,9,3,0,0,6
E01003141,16,3,2,1,10
E01003142,7,0,2,0,5
E01003143,17,0,1,1,15
E01003144,57,29,6,1,21
E01003145,15,0,2,0,13
E01003146,18,4,6,0,8
E01003147,5,1,0,0,4
E01003148,9,0,0,2,7
E01003149,8,0,2,1,5
E01003150,27,0,5,1,21
E01003151,18,0,4,4,10
E01003152,17,1,5,3,8
E01003153,42,10,14,3,15
E01003154,22,8,1,0,13
E01003155,33,5,5,1,22
E01003156,6,0,1,1,4
E01003157,30,5,8,2,15
E01003158,10,0,1,1,8
E01003159,26,10,0,2,14
E01003160,17,0,2,1,14
E01003161,10,0,1,4,5
E01003162,13,0,1,3,9
E01003163,8,0,0,1,7
E01003164,27,0,2,4,21
E01003165,11,4,1,0,6
E01003166,115,76,10,3,26
E01003167,25,12,1,1,11
E01003168,7,0,1,3,3
E01003169,39,0,12,5,22
E01003170,20,0,2,5,13
E01003171,20,1,4,4,11
E01003172,53,5,11,8,29
E01003173,11,0,1,3,7
E01003174,12,0,2,0,10
E01003175,16,0,2,4,10
E01003176,20,0,7,0,13
E01003177,40,6,11,13,10
E01003178,7,0,1,0,6
E01003179,3,0,2,0,1
E01003180,35,0,13,2,20
E01003181,34,0,10,6,18
E01003182,17,1,6,3,7
E01003183,34,0,9,5,20
E01003184,8,0,2,2,4
E01003185,30,9,11,4,6
E01003186,121,24,28,12,57
E01003187,36,11,5,0,20
E01003188,12,0,5,0,7
E01003189,13,0,2,0,11
E01003190,51,15,7,1,28
E01003191,8,1,2,2,3
E01003192,11,0,0,0,11
E01003193,151,106,14,3,28
E01003194,26,2,8,0,16
E01003195,12,0,2,0,10
E01003196,82,54,3,2,23
E01003197,11,0,1,1,9
E01003198,15,0,5,1,9
E01003199,68,9,24,7,28
E01003200,216,158,19,9,30
E01003201,25,0,10,4,11
E01003202,19,8,7,2,2
E01003203,244,220,9,3,12
E01003204,9,0,1,0,8
E01003205,14,0,4,6,4
E01003206,11,0,3,1,7
E01003207,98,7,46,4,41
E01003209,21,0,7,3,11
E01003210,47,26,4,4,13
E01003211,15,0,5,1,9
E01003212,25,0,4,1,20
E01003213,20,1,7,0,12
E01003214,66,18,15,2,31
E01003215,188,85,66,7,30
E01003216,34,0,5,0,29
E01003217,11,0,0,0,11
E01003218,5,0,0,0,5
E01003219,13,0,2,0,11
E01003220,7,0,0,1,6
E01003221,60,32,2,4,22
E01003222,11,0,4,0,7
E01003223,34,8,6,0,20
E01003224,19,0,3,1,15
E01003225,24,0,8,3,13
E01003226,144,117,9,7,11
E01003227,26,2,7,2,15
E01003228,12,0,1,1,10
E01003229,67,10,4,2,51
E01003230,18,0,2,3,13
E01003231,33,10,9,3,11
E01003232,28,7,10,1,10
E01003233,6,0,4,0,2
E01003235,22,2,6,3,11
E01003236,28,2,6,1,19
E01003237,9,0,1,0,8
E01003238,37,21,5,1,10
E01003239,15,0,3,1,11
E01003240,6,0,0,1,5
E01003241,25,5,5,2,13
E01003243,38,21,4,0,13
E01003244,18,0,2,4,12
E01003245,16,0,5,2,9
E01003246,38,0,11,7,20
E01003247,65,16,28,6,15
E01003248,35,0,12,4,19
E01003249,21,0,8,2,11
E01003251,13,2,7,0,4
E01003252,22,1,12,1,8
E01003253,47,2,23,1,21
E01003254,22,2,2,3,15
E01003255,74,34,12,5,23
E01003256,37,0,8,5,24
E01003257,19,1,1,0,17
E01003258,5,0,1,0,4
E01003259,42,10,5,1,26
E01003260,9,0,2,0,7
E01003261,15,0,1,4,10
E01003262,12,1,0,0,11
E01003263,43,15,11,2,15
E01003264,16,1,4,0,11
E01003265,20,1,4,1,14
E01003266,10,0,0,0,10
E01003267,8,0,0,1,7
E01003268,14,1,4,1,8
E01003269,11,1,3,2,5
E01003270,16,1,3,0,12
E01003271,8,0,0,0,8
E01003272,48,25,10,2,11
E01003273,23,0,9,1,13
E01003274,47,18,13,2,14
E01003275,9,0,3,0,6
E01003276,14,0,6,1,7
E01003277,13,1,2,2,8
E01003278,32,6,8,1,17
E01003279,16,0,4,1,11
E01003280,12,3,0,0,9
E01003281,11,2,0,1,8
E01003282,40,0,7,3,30
E01003283,19,1,5,1,12
E01003284,50,9,18,2,21
E01003285,81,66,5,2,8
E01003286,26,8,9,2,7
E01003287,7,0,2,0,5
E01003288,58,12,15,3,28
E01003290,32,0,5,2,25
E01003291,130,4,26,37,63
E01003292,83,30,26,1,26
E01003293,22,3,8,1,10
E01003295,30,3,11,3,13
E01003297,51,2,19,9,21
E01003298,9,0,1,0,8
E01003299,124,38,44,6,36
E01003300,38,4,18,2,14
E01003301,41,21,3,1,16
E01003302,29,1,7,4,17
E01003303,138,12,73,7,46
E01003304,416,307,60,7,42
E01003305,24,0,8,0,16
E01003307,7,0,2,0,5
E01003308,17,1,1,1,14
E01003309,15,0,2,1,12
E01003310,16,0,7,1,8
E01003311,15,2,1,0,12
E01003312,9,0,1,0,8
E01003313,19,0,6,3,10
E01003314,7,0,2,1,4
E01003315,15,0,6,3,6
E01003316,20,0,5,0,15
E01003318,315,139,89,23,64
E01003319,41,0,8,2,31
E01003320,67,39,3,2,23
E01003321,34,3,10,3,18
E01003322,21,1,4,4,12
E01003323,21,0,5,0,16
E01003324,128,65,21,5,37
E01003325,15,5,0,1,9
E01003326,19,3,4,1,11
E01003327,35,7,10,6,12
E01003328,16,3,1,0,12
E01003329,21,0,4,2,15
E01003330,11,2,1,0,8
E01003331,5,0,2,0,3
E01003332,4,0,0,0,4
E01003333,17,2,1,1,13
E01003334,167,121,16,4,26
E01003335,8,0,1,0,7
E01003336,70,52,1,0,17
E01003337,15,0,2,3,10
E01003338,26,1,8,4,13
E01003339,9,1,1,0,7
E01003340,19,0,3,2,14
E01003341,20,1,5,1,13
E01003342,8,0,1,0,7
E01003343,23,1,1,1,20
E01003344,15,2,3,1,9
E01003345,29,9,5,1,14
E01003346,39,2,0,1,36
E01003347,22,0,4,0,18
E01003348,10,1,0,0,9
E01003349,19,0,2,0,17
E01003350,15,0,4,0,11
E01003351,16,0,1,0,15
E01003352,28,6,5,1,16
E01003353,220,198,3,0,19
E01003354,21,1,3,1,16
E01003355,40,24,2,2,12
E01003356,14,4,5,1,4
E01003357,25,2,3,3,17
E01003358,55,11,8,3,33
E01003359,13,0,4,0,9
E01003360,25,9,4,4,8
E01003361,9,2,2,0,5
E01003362,5,1,0,0,4
E01003363,5,0,0,1,4
E01003364,7,0,1,1,5
E01003365,4,0,2,0,2
E01003366,47,38,2,2,5
E01003368,8,0,1,1,6
E01003369,12,1,1,1,9
E01003370,206,143,9,6,48
E01003371,7,0,3,0,4
E01003372,30,22,1,3,4
E01003373,13,0,2,0,11
E01003374,23,1,3,4,15
E01003375,17,0,2,3,12
E01003376,18,0,5,4,9
E01003377,13,0,0,0,13
E01003378,17,2,2,5,8
E01003379,33,21,4,2,6
E01003380,16,5,1,2,8
E01003381,8,0,1,0,7
E01003382,3,0,0,1,2
E01003383,525,435,25,9,56
E01003384,3,0,0,0,3
E01003385,19,10,2,2,5
E01003386,22,0,2,3,17
E01003387,8,1,0,1,6
E01003388,72,50,4,2,16
E01003389,24,5,4,1,14
E01003390,35,11,6,2,16
E01003391,4,0,1,0,3
E01003392,16,8,2,0,6
E01003393,28,2,5,3,18
E01003394,19,0,3,0,16
E01003395,13,3,1,0,9
E01003396,19,3,4,2,10
E01003397,4,0,0,0,4
E01003398,38,21,4,0,13
E01003399,4,0,2,0,2
E01003400,36,21,5,5,5
E01003401,65,25,4,2,34
E01003402,35,13,0,6,16
E01003403,17,0,1,0,16
E01003404,7,0,0,2,5
E01003405,40,9,2,3,26
E01003406,7,0,1,0,6
E01003407,38,19,4,1,14
E01003408,15,0,3,0,12
E01003409,11,1,3,1,6
E01003410,13,0,4,3,6
E01003411,10,0,1,2,7
E01003412,11,0,0,1,10
E01003413,60,17,3,2,38
E01003414,6,0,0,0,6
E01003415,15,2,2,2,9
E01003416,3,1,0,0,2
E01003417,6,0,3,0,3
E01003419,6,0,0,1,5
E01003420,3,0,1,0,2
E01003421,3,0,1,0,2
E01003422,11,4,2,1,4
E01003423,30,19,2,0,9
E01003424,3,0,0,1,2
E01003425,2,0,0,0,2
E01003426,11,0,2,0,9
E01003427,165,97,24,10,34
E01003428,2,0,0,0,2
E01003429,5,0,0,0,5
E01003430,21,0,3,1,17
E01003431,11,1,1,0,9
E01003432,7,0,0,0,7
E01003433,23,11,3,1,8
E01003434,5,0,1,0,4
E01003435,16,0,1,0,15
E01003436,5,0,2,0,3
E01003437,27,2,4,1,20
E01003438,11,1,0,0,10
E01003439,6,1,0,1,4
E01003440,11,0,2,1,8
E01003441,13,1,3,0,9
E01003442,6,0,0,0,6
E01003443,3,0,0,0,3
E01003444,12,0,1,1,10
E01003445,9,0,1,1,7
E01003446,90,62,5,8,15
E01003447,22,11,2,0,9
E01003448,5,0,1,2,2
E01003449,69,53,3,1,12
E01003450,10,0,0,0,10
E01003451,14,0,1,2,11
E01003452,23,0,5,2,16
E01003453,31,17,2,1,11
E01003454,6,0,3,0,3
E01003455,17,0,2,4,11
E01003456,200,77,54,8,61
E01003457,11,0,3,0,8
E01003458,17,1,6,4,6
E01003459,32,10,5,2,15
E01003460,39,15,5,3,16
E01003461,19,4,4,1,10
E01003462,6,0,2,0,4
E01003463,2,0,0,0,2
E01003464,19,1,3,4,11
E01003465,6,0,1,0,5
E01003466,3,0,0,0,3
E01003467,4,0,1,1,2
E01003468,5,0,0,2,3
E01003469,29,19,2,1,7
E01003470,90,22,8,8,52
E01003471,12,0,3,1,8
E01003472,10,0,4,0,6
E01003473,26,14,3,2,7
E01003474,10,2,0,1,7
E01003476,8,0,0,2,6
E01003477,67,58,0,2,7
E01003478,28,8,2,2,16
E01003479,13,0,4,0,9
E01003480,22,0,7,3,12
E01003481,50,0,19,3,28
E01003483,27,0,5,1,21
E01003484,6,0,2,1,3
E01003485,13,0,8,0,5
E01003486,87,25,30,5,27
E01003487,12,0,3,0,9
E01003488,29,2,10,2,15
E01003489,85,0,34,7,44
E01003490,23,0,3,1,19
E01003491,126,1,88,1,36
E01003492,5,0,2,0,3
E01003494,10,0,2,1,7
E01003495,11,0,0,4,7
E01003496,44,1,23,3,17
E01003497,98,9,38,2,49
E01003498,17,0,7,0,10
E01003499,87,25,17,3,42
E01003500,34,1,7,0,26
E01003501,43,4,12,3,24
E01003502,121,14,43,4,60
E01003503,164,41,40,7,76
E01003506,54,5,25,2,22
E01003507,42,1,9,2,30
E01003508,38,2,7,0,29
E01003509,13,0,4,0,9
E01003511,20,0,1,2,17
E01003512,40,8,11,2,19
E01003513,33,0,9,3,21
E01003514,17,0,3,1,13
E01003515,140,26,27,5,82
E01003516,32,1,4,2,25
E01003517,332,303,10,1,18
E01003518,12,0,5,0,7
E01003519,9,0,3,0,6
E01003520,382,22,260,10,90
E01003521,610,226,215,20,149
E01003522,29,0,9,3,17
E01003523,70,5,31,5,29
E01003524,23,3,3,0,17
E01003525,216,37,74,11,94
E01003526,54,1,25,4,24
E01003527,24,0,16,1,7
E01003528,14,0,3,1,10
E01003529,52,0,15,4,33
E01003530,10,0,2,0,8
E01003531,81,2,37,4,38
E01003532,11,0,2,0,9
E01003533,19,0,3,1,15
E01003534,15,0,4,1,10
E01003535,62,28,7,4,23
E01003536,19,0,7,0,12
E01003537,7,0,3,1,3
E01003538,23,1,6,1,15
E01003539,23,0,11,0,12
E01003540,105,77,8,2,18
E01003541,23,1,6,0,16
E01003542,45,1,18,0,26
E01003543,23,0,7,4,12
E01003544,34,1,13,1,19
E01003545,28,2,6,2,18
E01003546,28,0,12,2,14
E01003547,10,0,2,1,7
E01003548,23,0,1,5,17
E01003549,44,1,6,9,28
E01003550,27,2,7,1,17
E01003551,17,0,2,1,14
E01003552,13,0,3,1,9
E01003553,52,21,8,5,18
E01003554,24,0,3,0,21
E01003555,23,1,9,1,12
E01003556,92,37,18,1,36
E01003557,98,15,30,18,35
E01003558,63,3,18,4,38
E01003559,81,19,22,8,32
E01003560,5,0,3,0,2
E01003561,12,0,1,0,11
E01003562,45,15,9,1,20
E01003563,10,0,1,0,9
E01003564,85,1,51,4,29
E01003565,26,1,9,1,15
E01003566,126,9,62,5,50
E01003567,31,0,14,0,17
E01003568,10,0,1,0,9
E01003569,533,85,318,7,123
E01003570,57,0,19,8,30
E01003571,35,2,9,2,22
E01003572,14,1,2,0,11
E01003573,52,2,30,2,18
E01003574,48,0,11,4,33
E01003575,35,1,8,3,23
E01003576,17,0,9,4,4
E01003577,20,0,4,3,13
E01003578,110,37,25,3,45
E01003579,18,0,6,3,9
E01003580,29,3,6,0,20
E01003581,20,1,9,0,10
E01003582,25,1,6,0,18
E01003583,9,0,1,1,7
E01003584,24,0,3,0,21
E01003585,9,0,2,0,7
E01003586,25,8,6,0,11
E01003587,67,18,26,1,22
E01003589,46,0,14,3,29
E01003590,39,0,13,6,20
E01003591,57,6,22,4,25
E01003592,33,0,5,0,28
E01003593,93,55,20,2,16
E01003594,30,1,18,0,11
E01003595,19,2,5,2,10
E01003596,36,2,8,1,25
E01003597,3,0,2,0,1
E01003598,31,3,6,0,22
E01003599,20,0,2,1,17
E01003600,130,94,10,3,23
E01003601,129,10,33,8,78
E01003602,17,3,3,1,10
E01003603,50,1,13,1,35
E01003604,24,0,7,0,17
E01003605,43,3,18,0,22
E01003607,18,2,3,1,12
E01003608,16,0,4,0,12
E01003611,24,1,5,1,17
E01003615,48,1,17,5,25
E01003616,80,21,21,4,34
E01003618,506,409,23,15,59
E01003619,318,18,136,22,142
E01003621,28,1,8,0,19
E01003622,40,3,9,2,26
E01003623,16,0,3,1,12
E01003624,17,0,2,1,14
E01003625,32,3,5,2,22
E01003626,12,0,5,0,7
E01003627,9,1,3,0,5
E01003628,20,0,5,1,14
E01003630,32,4,9,1,18
E01003631,20,0,5,1,14
E01003632,19,0,2,0,17
E01003633,28,14,4,1,9
E01003634,17,0,6,1,10
E01003635,16,0,3,0,13
E01003636,41,7,14,1,19
E01003637,6,0,1,1,4
E01003638,82,41,8,4,29
E01003639,45,27,3,0,15
E01003640,21,0,2,1,18
E01003641,25,0,12,1,12
E01003642,8,0,4,0,4
E01003643,6,0,1,0,5
E01003644,34,22,1,1,10
E01003645,172,147,6,2,17
E01003646,25,1,3,2,19
E01003647,3,0,0,0,3
E01003648,26,9,2,1,14
E01003649,3,0,1,0,2
E01003650,12,0,1,0,11
E01003651,5,0,1,0,4
E01003652,5,0,2,0,3
E01003653,36,3,12,1,20
E01003654,9,0,2,0,7
E01003655,14,0,6,0,8
E01003656,11,0,3,0,8
E01003657,35,11,6,0,18
E01003658,7,0,1,1,5
E01003659,33,7,0,0,26
E01003660,8,0,0,0,8
E01003661,21,8,1,0,12
E01003662,31,5,9,1,16
E01003663,8,2,0,0,6
E01003664,10,0,3,0,7
E01003665,6,0,0,0,6
E01003666,162,143,4,0,15
E01003668,74,18,23,2,31
E01003669,35,1,3,2,29
E01003670,4,0,2,0,2
E01003671,4,0,1,1,2
E01003672,23,3,4,2,14
E01003673,19,1,4,1,13
E01003674,234,183,13,5,33
E01003675,10,0,1,1,8
E01003676,4,0,1,0,3
E01003677,48,16,1,0,31
E01003678,6,0,0,0,6
E01003679,3,0,0,0,3
E01003680,37,25,3,0,9
E01003681,14,0,6,0,8
E01003682,10,0,2,0,8
E01003683,9,0,3,0,6
E01003684,4,0,1,0,3
E01003685,20,2,2,1,15
E01003686,27,0,6,1,20
E01003688,26,0,11,2,13
E01003689,877,261,350,26,240
E01003690,111,17,31,5,58
E01003691,15,1,3,0,11
E01003692,11,0,0,0,11
E01003693,5,0,0,1,4
E01003694,12,0,2,0,10
E01003695,4,0,0,0,4
E01003696,8,0,2,0,6
E01003697,62,5,4,0,53
E01003698,6,0,1,0,5
E01003699,8,0,2,1,5
E01003700,8,0,1,0,7
E01003701,103,39,21,4,39
E01003702,18,8,5,0,5
E01003703,9,0,1,0,8
E01003704,72,54,6,2,10
E01003705,27,4,6,0,17
E01003706,4,0,1,0,3
E01003707,7,1,1,1,4
E01003708,19,0,2,0,17
E01003709,4,0,1,0,3
E01003710,5,0,1,0,4
E01003711,66,42,6,1,17
E01003712,9,0,1,0,8
E01003713,8,0,2,1,5
E01003714,55,1,15,11,28
E01003715,20,2,8,1,9
E01003716,33,1,8,0,24
E01003718,15,4,4,0,7
E01003719,26,2,5,1,18
E01003720,36,22,1,1,12
E01003721,36,2,2,1,31
E01003722,14,0,5,2,7
E01003723,10,0,1,2,7
E01003724,13,0,1,1,11
E01003725,6,0,1,0,5
E01003726,12,0,1,1,10
E01003727,19,1,1,1,16
E01003729,118,11,46,7,54
E01003731,11,1,4,2,4
E01003732,11,0,3,3,5
E01003733,28,0,9,2,17
E01003734,59,0,27,4,28
E01003735,16,0,3,2,11
E01003736,14,0,2,1,11
E01003737,3,0,1,0,2
E01003738,11,2,3,0,6
E01003739,9,0,1,0,8
E01003740,10,0,4,0,6
E01003741,11,0,3,0,8
E01003742,15,0,6,0,9
E01003743,16,0,3,0,13
E01003744,4,0,1,0,3
E01003745,2,0,1,0,1
E01003746,5,0,1,1,3
E01003747,1,0,0,0,1
E01003748,56,42,4,2,8
E01003749,4,0,1,0,3
E01003750,24,3,5,0,16
E01003751,16,1,3,1,11
E01003752,11,0,3,0,8
E01003753,5,0,0,0,5
E01003754,8,0,0,2,6
E01003755,82,17,7,3,55
E01003756,8,0,3,0,5
E01003757,16,2,2,1,11
E01003759,3,0,0,0,3
E01003760,19,0,1,1,17
E01003761,15,1,0,0,14
E01003762,11,0,0,0,11
E01003763,28,12,0,0,16
E01003764,14,2,2,0,10
E01003765,68,42,8,2,16
E01003766,9,0,4,0,5
E01003767,83,37,11,2,33
E01003768,28,11,3,1,13
E01003769,188,95,22,14,57
E01003770,48,2,7,2,37
E01003771,9,0,1,0,8
E01003772,15,0,6,0,9
E01003773,4,0,0,0,4
E01003774,9,0,5,0,4
E01003775,18,0,4,1,13
E01003776,18,0,4,0,14
E01003777,109,75,7,4,23
E01003778,72,11,10,5,46
E01003779,8,0,1,0,7
E01003780,2,0,0,0,2
E01003781,52,1,16,2,33
E01003782,7,0,2,1,4
E01003783,408,101,172,13,122
E01003784,10,0,0,1,9
E01003785,7,0,3,0,4
E01003786,4,0,1,1,2
E01003787,4,0,0,0,4
E01003788,23,1,14,0,8
E01003789,12,0,5,2,5
E01003790,11,0,1,1,9
E01003791,4,0,1,1,2
E01003792,9,0,3,1,5
E01003793,17,3,3,2,9
E01003794,2,0,1,0,1
E01003795,6,0,1,2,3
E01003796,6,0,2,0,4
E01003797,23,7,1,4,11
E01003798,25,11,3,6,5
E01003799,14,2,1,3,8
E01003800,14,9,1,0,4
E01003801,17,0,1,6,10
E01003802,10,0,2,1,7
E01003803,7,0,0,3,4
E01003804,11,3,2,1,5
E01003805,3,0,0,1,2
E01003806,9,0,2,2,5
E01003807,139,103,7,6,23
E01003808,30,3,4,8,15
E01003809,11,0,1,3,7
E01003810,13,0,1,2,10
E01003811,5,0,0,1,4
E01003812,21,10,4,2,5
E01003813,4,0,0,0,4
E01003814,7,1,0,0,6
E01003815,61,32,3,13,13
E01003816,9,0,0,2,7
E01003817,45,21,4,9,11
E01003818,16,9,1,3,3
E01003819,13,0,0,5,8
E01003820,10,0,3,4,3
E01003821,13,0,1,2,10
E01003822,5,0,0,1,4
E01003823,14,1,1,7,5
E01003824,6,0,0,1,5
E01003825,6,0,3,1,2
E01003826,12,0,0,5,7
E01003827,41,21,1,8,11
E01003828,5,0,0,0,5
E01003829,93,58,6,6,23
E01003830,10,0,0,3,7
E01003831,12,0,1,3,8
E01003832,10,0,1,2,7
E01003833,37,28,1,1,7
E01003834,21,1,6,5,9
E01003835,19,0,1,9,9
E01003836,3,0,0,0,3
E01003837,14,0,1,2,11
E01003838,40,26,2,3,9
E01003839,22,0,3,2,17
E01003840,11,0,2,3,6
E01003841,77,54,7,4,12
E01003842,11,0,0,3,8
E01003843,12,0,4,0,8
E01003844,18,0,3,8,7
E01003845,13,0,2,2,9
E01003846,6,0,0,0,6
E01003847,36,5,3,4,24
E01003848,11,0,2,0,9
E01003849,12,0,1,0,11
E01003851,16,0,2,4,10
E01003852,23,5,3,4,11
E01003853,13,0,1,3,9
E01003854,45,28,0,5,12
E01003855,11,0,2,2,7
E01003856,16,3,1,7,5
E01003857,8,0,3,1,4
E01003858,12,1,1,3,7
E01003859,14,0,0,2,12
E01003860,30,2,3,3,22
E01003861,15,3,4,0,8
E01003862,38,7,7,3,21
E01003863,14,4,5,1,4
E01003864,9,3,1,1,4
E01003865,13,0,2,1,10
E01003866,12,1,1,4,6
E01003867,48,0,6,17,25
E01003868,7,0,2,3,2
E01003869,81,57,3,12,9
E01003870,21,1,4,10,6
E01003871,4,0,1,2,1
E01003872,11,2,2,1,6
E01003873,98,58,10,5,25
E01003874,16,3,4,2,7
E01003875,8,0,1,1,6
E01003876,503,269,71,29,134
E01003877,9,0,1,1,7
E01003878,8,0,2,0,6
E01003879,11,5,0,4,2
E01003880,5,0,0,0,5
E01003881,7,0,0,4,3
E01003882,24,5,1,5,13
E01003883,22,0,4,10,8
E01003884,31,17,2,3,9
E01003885,10,3,2,3,2
E01003886,11,2,1,4,4
E01003887,40,12,3,7,18
E01003888,106,70,5,12,19
E01003889,15,0,2,9,4
E01003890,7,0,0,4,3
E01003891,27,5,3,9,10
E01003892,6,0,1,1,4
E01003893,12,4,1,1,6
E01003894,5,0,0,0,5
E01003895,12,0,2,3,7
E01003896,213,133,14,19,47
E01003897,51,0,3,14,34
E01003898,16,2,0,0,14
E01003899,20,5,1,1,13
E01003900,27,19,0,1,7
E01003901,4,0,0,1,3
E01003902,4,0,0,0,4
E01003903,42,5,0,16,21
E01003904,7,0,0,2,5
E01003905,5,0,1,0,4
E01003906,3,0,1,0,2
E01003907,11,0,1,3,7
E01003908,17,2,3,4,8
E01003909,110,80,5,11,14
E01003910,7,0,0,1,6
E01003911,49,0,24,7,18
E01003912,13,0,6,2,5
E01003913,79,1,35,7,36
E01003914,62,14,19,7,22
E01003915,29,0,8,6,15
E01003916,56,6,22,3,25
E01003917,25,0,3,6,16
E01003918,40,0,13,8,19
E01003919,34,2,11,1,20
E01003920,26,0,5,5,16
E01003921,272,104,71,13,84
E01003922,303,235,32,5,31
E01003923,20,2,7,3,8
E01003924,42,18,8,2,14
E01003925,23,0,11,0,12
E01003926,54,11,12,5,26
E01003929,1666,62,900,52,652
E01003930,88,15,58,3,12
E01003932,125,3,86,8,28
E01003933,263,7,158,35,63
E01003934,661,68,383,29,181
E01003935,123,0,71,18,34
E01003936,82,5,51,2,24
E01003937,277,1,208,2,66
E01003938,38,1,26,1,10
E01003939,291,18,128,22,123
E01003940,117,38,58,3,18
E01003941,114,12,60,10,32
E01003942,63,0,41,4,18
E01003943,78,3,40,1,34
E01003945,14,0,0,2,12
E01003946,6,0,0,0,6
E01003947,9,1,3,1,4
E01003948,20,0,4,2,14
E01003949,17,6,3,0,8
E01003950,14,0,2,1,11
E01003951,30,6,3,7,14
E01003952,111,43,25,13,30
E01003953,107,19,45,13,30
E01003954,14,0,0,6,8
E01003955,16,0,1,3,12
E01003956,12,1,3,2,6
E01003957,13,0,1,0,12
E01003958,57,31,5,7,14
E01003960,92,0,63,3,26
E01003961,103,12,49,7,35
E01003963,36,2,19,3,12
E01003966,63,6,29,1,27
E01003969,120,3,62,15,40
E01003971,40,2,21,1,16
E01003972,39,5,12,3,19
E01003973,132,76,26,6,24
E01003975,45,0,23,7,15
E01003976,101,4,56,7,34
E01003977,29,0,9,7,13
E01003979,177,26,94,15,42
E01003980,92,2,56,4,30
E01003981,473,28,245,54,146
E01003983,15,1,7,1,6
E01003984,52,16,17,5,14
E01003986,42,10,16,3,13
E01003987,23,0,7,2,14
E01003988,78,13,20,3,42
E01003989,70,16,24,5,25
E01003990,36,3,17,4,12
E01003991,14,0,5,4,5
E01003992,22,0,9,4,9
E01003993,22,0,5,1,16
E01003994,763,628,63,14,58
E01003995,26,0,8,4,14
E01003997,38,7,8,5,18
E01003998,45,0,23,4,18
E01003999,25,0,10,4,11
E01004000,18,0,4,1,13
E01004001,22,0,5,2,15
E01004002,8,0,2,2,4
E01004003,51,5,10,3,33
E01004004,57,10,20,4,23
E01004005,69,22,15,5,27
E01004006,19,0,1,2,16
E01004007,17,0,5,4,8
E01004008,33,0,13,1,19
E01004010,90,2,29,14,45
E01004011,35,0,13,6,16
E01004012,37,0,13,10,14
E01004013,16,0,7,0,9
E01004014,23,0,9,3,11
E01004015,46,0,26,4,16
E01004016,21,1,3,1,16
E01004017,9,0,1,0,8
E01004018,18,8,6,2,2
E01004019,15,0,4,0,11
E01004020,10,0,4,0,6
E01004021,44,6,3,6,29
E01004023,137,10,71,18,38
E01004024,33,2,13,3,15
E01004028,66,6,38,2,20
E01004029,26,0,7,7,12
E01004030,26,0,9,6,11
E01004031,399,56,169,50,124
E01004032,42,0,27,1,14
E01004033,104,7,65,10,22
E01004034,10,0,6,2,2
E01004035,28,1,9,4,14
E01004036,29,1,11,5,12
E01004037,38,6,12,4,16
E01004038,39,1,14,1,23
E01004039,15,0,8,1,6
E01004040,201,41,60,19,81
E01004041,26,0,14,2,10
E01004042,61,14,21,6,20
E01004043,35,3,20,1,11
E01004044,11,0,2,1,8
E01004045,22,0,9,1,12
E01004046,14,0,4,2,8
E01004047,14,0,9,2,3
E01004048,59,23,18,6,12
E01004049,26,0,18,2,6
E01004050,15,0,9,2,4
E01004051,43,0,29,5,9
E01004052,40,5,17,4,14
E01004053,39,0,21,7,11
E01004054,97,69,9,8,11
E01004055,12,0,8,1,3
E01004056,24,2,8,4,10
E01004057,31,0,18,5,8
E01004058,32,1,11,8,12
E01004059,47,0,35,0,12
E01004060,31,0,18,1,12
E01004061,49,1,17,19,12
E01004062,118,6,47,16,49
E01004063,93,7,22,16,48
E01004064,24,1,5,5,13
E01004065,36,2,6,11,17
E01004066,42,0,18,3,21
E01004067,1043,713,158,28,144
E01004068,74,37,8,2,27
E01004069,27,1,8,5,13
E01004070,33,0,16,4,13
E01004071,22,0,16,0,6
E01004072,21,0,9,3,9
E01004073,8,1,1,0,6
E01004074,49,5,15,7,22
E01004075,40,1,14,9,16
E01004076,59,17,9,2,31
E01004077,6,0,1,1,4
E01004078,8,0,1,1,6
E01004079,7,0,1,2,4
E01004080,2,0,0,0,2
E01004081,3,0,0,0,3
E01004082,2,0,0,0,2
E01004083,7,0,1,1,5
E01004084,4,1,0,0,3
E01004085,1,0,0,0,1
E01004086,29,8,3,1,17
E01004087,4,0,0,0,4
E01004088,31,5,6,0,20
E01004089,266,258,2,1,5
E01004090,11,0,1,0,10
E01004091,8,0,0,0,8
E01004092,3,0,0,0,3
E01004093,3,0,2,0,1
E01004094,14,3,1,0,10
E01004095,7,0,1,3,3
E01004096,4,0,0,1,3
E01004097,2,0,0,0,2
E01004098,6,0,0,1,5
E01004099,30,12,8,3,7
E01004100,32,25,0,0,7
E01004101,3,0,0,0,3
E01004102,10,4,1,1,4
E01004103,7,0,0,0,7
E01004104,35,29,1,1,4
E01004105,5,2,1,0,2
E01004106,4,0,0,0,4
E01004107,2,0,1,0,1
E01004108,7,0,2,0,5
E01004109,2,0,0,0,2
E01004110,19,11,1,0,7
E01004111,56,5,4,1,46
E01004112,5,0,1,0,4
E01004115,12,0,3,0,9
E01004116,9,0,2,1,6
E01004117,2,0,0,0,2
E01004118,51,11,10,8,22
E01004119,32,4,0,0,28
E01004120,3,0,1,0,2
E01004121,34,18,4,3,9
E01004122,2,0,0,0,2
E01004123,53,24,3,9,17
E01004124,6,0,1,0,5
E01004125,10,3,0,2,5
E01004126,7,0,1,0,6
E01004127,16,2,1,0,13
E01004128,20,4,2,4,10
E01004129,9,0,1,0,8
E01004130,87,54,1,3,29
E01004131,3,0,0,0,3
E01004132,3,0,0,0,3
E01004133,2,0,0,0,2
E01004134,44,33,2,3,6
E01004135,2,0,0,0,2
E01004136,7,0,0,2,5
E01004137,63,24,6,1,32
E01004138,12,1,1,2,8
E01004139,4,0,1,0,3
E01004140,35,6,7,4,18
E01004141,11,0,0,1,10
E01004144,6,1,0,1,4
E01004145,8,0,1,0,7
E01004146,6,2,0,0,4
E01004147,1,0,0,0,1
E01004148,22,13,1,0,8
E01004149,10,0,0,0,10
E01004150,13,0,0,3,10
E01004151,5,0,0,0,5
E01004152,51,25,4,1,21
E01004153,10,0,0,0,10
E01004154,3,0,0,0,3
E01004155,4,0,0,1,3
E01004156,33,6,8,2,17
E01004157,3,0,0,0,3
E01004158,4,0,0,0,4
E01004159,6,0,1,1,4
E01004160,6,1,1,0,4
E01004161,5,0,0,0,5
E01004162,45,27,7,0,11
E01004163,4,0,0,1,3
E01004164,28,23,0,1,4
E01004165,92,87,0,0,5
E01004166,10,0,1,2,7
E01004167,33,17,5,1,10
E01004168,8,0,0,1,7
E01004169,15,0,3,0,12
E01004170,122,107,4,0,11
E01004171,5,0,0,0,5
E01004172,2,0,0,0,2
E01004173,8,3,2,1,2
E01004174,5,0,0,0,5
E01004175,3,0,0,1,2
E01004176,11,0,0,3,8
E01004177,33,20,3,1,9
E01004178,179,123,19,6,31
E01004179,5,0,2,0,3
E01004180,12,6,0,1,5
E01004181,1,0,0,0,1
E01004182,5,0,1,0,4
E01004183,5,0,1,0,4
E01004184,6,0,1,0,5
E01004185,15,1,2,0,12
E01004186,8,0,0,3,5
E01004187,3,0,0,1,2
E01004189,17,1,1,3,12
E01004190,3,0,0,0,3
E01004191,3,0,0,0,3
E01004192,10,0,1,0,9
E01004193,5,0,1,0,4
E01004194,6,0,0,1,5
E01004195,33,17,1,1,14
E01004196,11,2,3,1,5
E01004198,28,1,7,7,13
E01004199,30,4,11,5,10
E01004200,39,12,10,9,8
E01004201,29,2,8,2,17
E01004202,81,3,27,19,32
E01004203,118,57,17,22,22
E01004204,33,0,5,9,19
E01004205,153,46,33,34,40
E01004206,36,1,8,7,20
E01004207,116,44,45,6,21
E01004208,353,52,144,48,109
E01004209,26,0,11,4,11
E01004211,125,14,27,31,53
E01004212,79,28,12,9,30
E01004214,18,1,3,1,13
E01004216,4,0,1,1,2
E01004217,25,5,11,2,7
E01004218,8,0,2,1,5
E01004219,71,18,23,3,27
E01004221,50,22,11,3,14
E01004222,73,38,8,7,20
E01004223,44,0,19,5,20
E01004226,46,14,5,14,13
E01004228,35,1,3,5,26
E01004229,62,7,29,8,18
E01004230,33,2,13,3,15
E01004231,125,40,61,4,20
E01004232,137,50,40,11,36
E01004233,16,0,1,3,12
E01004234,86,1,41,18,26
E01004235,30,0,21,0,9
E01004236,37,7,17,1,12
E01004237,34,0,21,3,10
E01004239,32,0,9,3,20
E01004240,11,0,3,0,8
E01004241,14,0,5,1,8
E01004243,15,0,7,2,6
E01004244,95,49,12,3,31
E01004245,26,2,4,0,20
E01004247,93,40,21,3,29
E01004248,27,0,10,0,17
E01004249,76,46,8,2,20
E01004251,139,70,15,20,34
E01004255,33,3,18,3,9
E01004256,28,1,12,2,13
E01004257,35,1,14,3,17
E01004258,27,0,12,8,7
E01004259,62,16,12,8,26
E01004260,43,24,4,2,13
E01004263,27,2,6,2,17
E01004264,15,0,3,1,11
E01004266,17,1,6,1,9
E01004267,83,12,38,6,27
E01004268,34,13,9,2,10
E01004270,57,2,23,9,23
E01004271,74,0,13,28,33
E01004272,18,0,11,2,5
E01004274,21,0,4,1,16
E01004275,15,0,1,1,13
E01004276,4,0,1,0,3
E01004277,258,114,32,21,91
E01004280,19,5,4,0,10
E01004281,5,0,1,1,3
E01004283,30,0,7,9,14
E01004286,63,32,8,6,17
E01004287,18,0,6,2,10
E01004288,16,3,5,0,8
E01004289,24,2,11,1,10
E01004290,66,9,24,8,25
E01004291,44,15,6,11,12
E01004292,19,0,9,2,8
E01004293,276,18,116,25,117
E01004295,60,35,8,1,16
E01004296,29,1,4,8,16
E01004297,20,2,4,8,6
E01004298,21,0,6,4,11
E01004300,17,0,4,4,9
E01004301,37,2,22,4,9
E01004302,43,1,16,4,22
E01004303,51,2,22,7,20
E01004304,80,23,20,5,32
E01004305,24,3,11,2,8
E01004306,200,34,67,20,79
E01004307,731,223,214,28,266
E01004308,22,1,7,1,13
E01004309,198,3,93,20,82
E01004310,103,4,25,16,58
E01004311,145,3,103,8,31
E01004312,12,0,4,2,6
E01004313,75,9,24,14,28
E01004315,62,7,24,10,21
E01004316,105,27,27,9,42
E01004319,11,0,4,0,7
E01004321,73,0,27,15,31
E01004322,241,2,114,32,93
E01004323,14,0,3,1,10
E01004324,12,0,2,1,9
E01004326,109,64,9,5,31
E01004327,8,0,0,2,6
E01004328,43,1,16,2,24
E01004329,18,0,2,5,11
E01004330,19,1,3,2,13
E01004331,9,0,3,1,5
E01004332,25,0,6,2,17
E01004333,27,3,5,5,14
E01004334,40,13,8,1,18
E01004335,15,1,4,3,7
E01004336,43,0,20,5,18
E01004337,19,0,3,1,15
E01004338,5,0,0,0,5
E01004339,11,1,3,2,5
E01004340,15,0,2,3,10
E01004341,60,26,9,5,20
E01004342,51,0,12,18,21
E01004343,16,0,3,1,12
E01004344,24,1,8,3,12
E01004345,12,0,0,0,12
E01004346,36,3,12,4,17
E01004347,29,0,8,8,13
E01004348,36,0,12,4,20
E01004349,8,0,0,0,8
E01004350,18,5,2,0,11
E01004351,9,0,1,0,8
E01004352,10,0,0,0,10
E01004353,10,0,2,0,8
E01004354,95,62,11,0,22
E01004355,10,0,1,0,9
E01004356,6,0,0,1,5
E01004357,7,0,3,0,4
E01004358,12,0,0,0,12
E01004359,10,1,5,0,4
E01004360,3,0,0,0,3
E01004361,4,0,0,0,4
E01004362,5,0,4,0,1
E01004363,48,3,8,4,33
E01004364,33,0,17,5,11
E01004365,48,1,13,7,27
E01004366,27,2,8,0,17
E01004367,60,5,11,4,40
E01004368,30,0,11,3,16
E01004369,41,0,16,7,18
E01004370,36,5,7,5,19
E01004371,10,0,2,2,6
E01004372,15,0,0,3,12
E01004373,53,6,21,1,25
E01004374,14,1,2,1,10
E01004375,46,13,14,2,17
E01004376,15,0,5,3,7
E01004377,5,0,1,0,4
E01004378,14,0,3,1,10
E01004379,80,53,5,2,20
E01004380,9,2,4,0,3
E01004381,19,3,3,1,12
E01004382,10,0,0,2,8
E01004383,9,0,1,1,7
E01004384,35,9,3,3,20
E01004385,7,0,3,0,4
E01004386,5,1,2,0,2
E01004387,2,0,0,0,2
E01004388,20,2,7,1,10
E01004389,8,0,2,0,6
E01004390,7,0,1,0,6
E01004391,147,2,100,19,26
E01004392,299,76,149,18,56
E01004393,86,10,49,11,16
E01004394,15,0,5,2,8
E01004395,20,0,10,1,9
E01004396,41,0,18,6,17
E01004397,648,177,263,19,189
E01004398,22,0,4,4,14
E01004399,5,0,0,1,4
E01004400,21,11,1,3,6
E01004401,41,1,6,4,30
E01004402,14,0,4,3,7
E01004403,64,31,6,5,22
E01004404,18,0,3,2,13
E01004405,27,2,9,3,13
E01004406,33,2,13,2,16
E01004407,27,0,8,4,15
E01004408,22,0,11,1,10
E01004409,52,3,26,3,20
E01004410,33,2,15,3,13
E01004411,101,4,50,5,42
E01004412,24,2,8,2,12
E01004413,31,5,6,1,19
E01004414,32,9,8,1,14
E01004415,6,0,1,0,5
E01004416,15,0,1,0,14
E01004417,9,0,1,0,8
E01004418,9,0,3,0,6
E01004419,39,4,2,4,29
E01004420,218,41,83,11,83
E01004421,19,0,7,1,11
E01004422,149,9,79,11,50
E01004423,31,1,15,4,11
E01004424,99,15,44,4,36
E01004425,67,35,20,0,12
E01004426,31,0,17,6,8
E01004427,45,0,27,3,15
E01004428,26,0,9,3,14
E01004429,46,3,11,6,26
E01004430,220,98,49,19,54
E01004432,28,0,10,4,14
E01004434,31,0,4,5,22
E01004435,17,0,7,0,10
E01004436,60,34,6,1,19
E01004437,19,0,5,5,9
E01004438,387,244,36,11,96
E01004439,10,1,3,1,5
E01004440,84,4,46,8,26
E01004441,8,0,2,1,5
E01004442,12,1,2,3,6
E01004443,71,1,37,8,25
E01004444,107,13,50,4,40
E01004445,29,0,10,4,15
E01004446,21,0,6,2,13
E01004447,12,1,2,0,9
E01004448,81,8,27,1,45
E01004449,21,0,11,0,10
E01004450,2,0,1,0,1
E01004451,11,0,3,1,7
E01004452,62,17,8,1,36
E01004453,92,79,4,2,7
E01004454,17,0,2,0,15
E01004455,440,321,17,8,94
E01004456,68,24,7,0,37
E01004457,37,0,14,4,19
E01004458,34,0,14,3,17
E01004459,13,0,3,0,10
E01004460,126,18,57,6,45
E01004462,27,2,7,1,17
E01004463,15,0,4,4,7
E01004464,108,52,11,8,37
E01004465,12,0,7,2,3
E01004466,18,1,9,4,4
E01004467,33,0,10,5,18
E01004468,10,0,2,0,8
E01004469,24,0,7,1,16
E01004470,49,13,12,6,18
E01004471,42,16,7,3,16
E01004472,73,53,4,5,11
E01004473,23,1,4,1,17
E01004474,350,177,77,25,71
E01004475,18,1,5,0,12
E01004476,101,38,21,11,31
E01004477,19,0,5,1,13
E01004478,8,0,1,2,5
E01004479,9,0,0,2,7
E01004480,8,0,0,0,8
E01004481,51,19,10,2,20
E01004482,8,0,1,0,7
E01004483,25,0,6,6,13
E01004484,20,0,5,2,13
E01004485,138,91,9,8,30
E01004486,10,0,1,4,5
E01004487,13,0,2,3,8
E01004488,3,0,0,3,0
E01004489,12,0,1,1,10
E01004490,8,0,2,0,6
E01004491,27,11,1,1,14
E01004492,147,25,2,2,118
E01004493,12,0,0,0,12
E01004494,46,20,3,4,19
E01004495,12,1,0,2,9
E01004496,36,7,7,5,17
E01004497,6,0,1,0,5
E01004498,16,1,0,2,13
E01004499,10,0,0,1,9
E01004500,10,0,0,1,9
E01004501,10,0,2,2,6
E01004502,6,0,0,1,5
E01004503,27,15,1,1,10
E01004504,13,0,2,2,9
E01004505,10,0,1,1,8
E01004506,46,25,4,5,12
E01004507,60,21,4,12,23
E01004508,39,14,4,7,14
E01004510,17,0,6,2,9
E01004511,8,0,0,1,7
E01004512,17,3,3,3,8
E01004513,85,38,5,16,26
E01004514,40,7,5,11,17
E01004515,12,0,1,4,7
E01004516,7,1,3,1,2
E01004517,40,7,5,5,23
E01004518,7,0,2,0,5
E01004519,5,0,1,1,3
E01004520,6,0,0,3,3
E01004521,4,0,0,0,4
E01004522,18,2,3,3,10
E01004523,18,0,6,1,11
E01004524,12,0,2,0,10
E01004525,567,226,155,14,172
E01004526,100,58,19,1,22
E01004527,13,4,2,1,6
E01004528,18,6,3,1,8
E01004529,36,14,5,1,16
E01004530,6,3,0,0,3
E01004531,3,0,1,0,2
E01004532,5,0,1,0,4
E01004533,8,0,0,0,8
E01004534,42,13,7,7,15
E01004535,12,0,3,0,9
E01004536,33,1,5,9,18
E01004537,48,5,10,5,28
E01004538,27,0,5,4,18
E01004539,22,2,7,2,11
E01004540,61,3,5,16,37
E01004541,19,0,4,3,12
E01004542,11,0,4,2,5
E01004543,26,5,6,2,13
E01004544,8,0,1,0,7
E01004545,40,13,8,3,16
E01004546,4,0,2,0,2
E01004547,8,0,2,1,5
E01004548,62,21,11,7,23
E01004549,26,3,10,5,8
E01004550,7,0,0,2,5
E01004551,269,121,54,13,81
E01004552,387,172,83,13,119
E01004553,31,3,6,1,21
E01004554,20,0,6,5,9
E01004555,21,0,2,1,18
E01004556,2,0,1,0,1
E01004557,19,2,3,0,14
E01004558,9,0,3,1,5
E01004559,8,6,0,0,2
E01004560,60,6,12,13,29
E01004563,39,11,5,5,18
E01004564,40,2,12,4,22
E01004565,20,0,6,5,9
E01004566,44,2,17,7,18
E01004567,45,3,19,4,19
E01004568,18,1,5,0,12
E01004569,66,39,6,2,19
E01004570,31,2,6,1,22
E01004571,48,32,0,2,14
E01004572,14,1,2,3,8
E01004573,68,45,1,0,22
E01004574,8,0,2,1,5
E01004575,20,1,2,2,15
E01004576,20,0,0,3,17
E01004577,16,0,1,2,13
E01004579,38,3,2,11,22
E01004580,47,19,4,7,17
E01004581,18,1,5,0,12
E01004582,69,50,1,4,14
E01004583,258,238,4,4,12
E01004584,8,0,0,0,8
E01004585,28,2,5,7,14
E01004586,14,0,2,4,8
E01004587,13,0,0,4,9
E01004588,117,40,16,10,51
E01004589,30,2,4,8,16
E01004590,19,0,5,3,11
E01004591,186,153,8,3,22
E01004592,17,0,1,1,15
E01004593,14,1,3,2,8
E01004594,57,14,6,12,25
E01004595,10,0,0,3,7
E01004596,9,0,0,0,9
E01004597,8,0,2,2,4
E01004598,11,0,0,3,8
E01004599,6,1,0,1,4
E01004601,20,0,1,4,15
E01004602,35,15,1,5,14
E01004604,15,0,3,5,7
E01004605,6,0,1,1,4
E01004606,24,2,2,6,14
E01004607,6,2,0,1,3
E01004608,79,24,17,8,30
E01004609,289,157,37,25,70
E01004610,7,0,3,0,4
E01004611,12,1,5,0,6
E01004612,20,4,4,0,12
E01004613,70,12,23,4,31
E01004614,30,1,2,7,20
E01004615,19,0,3,2,14
E01004616,15,0,1,5,9
E01004617,150,68,12,14,56
E01004618,4,0,0,0,4
E01004619,7,0,3,1,3
E01004620,10,0,0,0,10
E01004621,13,0,3,1,9
E01004622,12,1,2,1,8
E01004623,20,0,1,2,17
E01004624,6,0,1,1,4
E01004625,2,0,0,1,1
E01004626,42,1,6,1,34
E01004627,25,14,4,1,6
E01004628,15,0,2,1,12
E01004629,30,6,1,10,13
E01004630,9,2,0,0,7
E01004631,9,0,0,2,7
E01004632,14,0,1,0,13
E01004633,6,0,0,0,6
E01004634,14,6,1,1,6
E01004635,4,0,0,2,2
E01004636,9,0,1,1,7
E01004637,9,0,1,3,5
E01004638,7,0,0,2,5
E01004639,53,21,3,13,16
E01004640,10,0,1,2,7
E01004641,5,0,1,0,4
E01004642,14,0,4,0,10
E01004643,15,1,3,1,10
E01004644,27,0,3,4,20
E01004645,13,1,1,0,11
E01004646,16,3,5,2,6
E01004647,66,46,12,1,7
E01004648,22,0,5,5,12
E01004649,39,2,22,2,13
E01004650,15,0,5,2,8
E01004651,21,0,18,0,3
E01004652,85,10,35,6,34
E01004653,74,21,18,2,33
E01004654,82,17,18,8,39
E01004656,67,0,23,8,36
E01004657,699,171,300,6,222
E01004658,570,86,347,15,122
E01004659,83,6,43,5,29
E01004660,206,14,75,7,110
E01004661,295,31,146,14,104
E01004662,102,12,36,6,48
E01004663,108,3,34,5,66
E01004665,5,0,2,0,3
E01004668,27,0,10,4,13
E01004669,53,16,16,3,18
E01004670,19,0,5,3,11
E01004674,21,0,4,1,16
E01004675,98,47,14,6,31
E01004676,21,0,3,3,15
E01004677,24,0,1,3,20
E01004678,21,1,2,2,16
E01004679,95,22,19,9,45
E01004680,95,1,58,4,32
E01004681,189,23,74,21,71
E01004682,367,3,130,9,225
E01004683,120,0,68,6,46
E01004684,89,11,42,8,28
E01004686,63,4,25,3,31
E01004687,63,6,38,0,19
E01004690,136,2,104,1,29
E01004691,216,12,142,8,54
E01004692,52,0,24,6,22
E01004693,35,1,6,5,23
E01004694,84,0,25,3,56
E01004695,204,21,72,5,106
E01004696,24,0,6,3,15
E01004697,9,1,2,1,5
E01004698,117,5,31,8,73
E01004699,338,161,65,17,95
E01004700,49,4,7,9,29
E01004701,73,15,9,13,36
E01004702,90,6,36,7,41
E01004703,122,56,23,7,36
E01004705,24,8,5,1,10
E01004706,31,0,5,4,22
E01004707,20,0,3,6,11
E01004708,14,0,3,3,8
E01004709,45,2,16,3,24
E01004710,46,0,19,3,24
E01004711,6,0,1,2,3
E01004712,396,35,155,6,200
E01004713,160,11,99,3,47
E01004714,3367,761,1796,31,779
E01004715,217,3,133,4,77
E01004716,121,3,68,5,45
E01004717,360,159,92,7,102
E01004718,18,0,1,2,15
E01004719,21,0,8,0,13
E01004720,29,0,11,3,15
E01004721,26,0,7,2,17
E01004722,34,5,5,6,18
E01004723,45,3,7,1,34
E01004724,109,55,19,1,34
E01004725,61,12,22,3,24
E01004726,62,0,16,3,43
E01004727,312,58,135,4,115
E01004728,37,0,13,3,21
E01004729,12,1,3,0,8
E01004730,23,0,6,1,16
E01004731,1045,71,483,14,477
E01004732,70,4,21,4,41
E01004733,813,13,549,18,233
E01004734,7082,289,4348,57,2388
E01004735,2616,393,1220,78,925
E01004736,4080,275,2489,53,1263
E01004737,15,1,4,0,10
E01004740,17,1,7,0,9
E01004741,65,11,26,7,21
E01004742,39,1,16,4,18
E01004743,49,9,13,4,23
E01004744,46,2,17,3,24
E01004746,19,0,4,5,10
E01004747,57,8,17,6,26
E01004748,612,262,184,9,157
E01004749,235,37,76,14,108
E01004750,644,37,304,11,292
E01004751,21,0,10,2,9
E01004752,16,0,7,0,9
E01004753,42,2,9,5,26
E01004754,23,0,5,3,15
E01004755,59,14,12,7,26
E01004756,32,0,6,10,16
E01004757,30,0,14,1,15
E01004760,27,0,17,1,9
E01004761,1441,220,710,12,499
E01004762,942,32,585,11,314
E01004763,9192,455,6140,53,2544
E01004765,2639,226,1590,32,791
E01032512,47,1,16,2,28
E01032513,17,0,7,2,8
E01032562,13,0,2,1,10
E01032563,8,0,0,0,8
E01032564,15,0,2,1,12
E01032565,8,0,1,0,7
E01032566,8,0,0,0,8
E01032567,6,0,1,1,4
E01032568,129,26,7,1,95
E01032569,8,0,0,0,8
E01032570,87,71,4,2,10
E01032572,41,4,0,1,36
E01032573,268,187,15,11,55
E01032574,67,1,11,14,41
E01032575,39,0,25,4,10
E01032576,4,0,1,0,3
E01032577,4,0,1,0,3
E01032579,75,26,18,8,23
E01032580,39,11,10,0,18
E01032581,30,0,11,1,18
E01032582,1175,128,598,60,389
E01032583,346,14,275,12,45
E01032584,108,0,74,5,29
E01032623,4,0,0,1,3
E01032637,13,0,3,3,7
E01032638,5,0,2,0,3
E01032639,40,7,20,0,13
E01032640,208,75,59,7,67
E01032646,145,2,67,11,65
E01032719,69,3,38,5,23
E01032739,4041,1238,1072,137,1594
E01032740,813,137,313,41,322
E01032741,612,366,124,16,106
E01032742,86,33,24,2,27
E01032743,4,0,1,0,3
E01032744,59,26,11,2,20
E01032764,108,12,39,12,45
E01032765,20,0,4,6,10
E01032767,119,12,39,16,52
E01032768,11,0,3,3,5
E01032769,65,11,21,10,23
E01032770,50,35,4,1,10
E01032771,615,332,91,29,163
E01032772,52,2,14,3,33
E01032774,27,8,1,3,15
E01032776,33,0,13,0,20
E01032777,37,0,22,1,14
E01032779,11,0,2,2,7
E01032780,72,7,14,7,44
E01032781,34,12,6,3,13
E01032782,18,0,2,0,16
E01032783,12,1,4,1,6
E01032784,11,0,2,5,4
E01032785,17,0,2,5,10
E01032786,26,3,4,6,13
E01032787,25,0,4,12,9
E01032788,45,18,5,6,16
E01032789,29,7,3,5,14
E01032790,6,0,0,0,6
E01032803,71,3,37,13,18
E01032834,86,65,16,5,0
E01033000,49,33,3,3,10
E01033030,195,150,9,9,27
E01033081,21,0,1,5,15
E01033082,25,6,4,2,13
E01033083,800,338,253,38,171
E01033084,49,11,16,1,21
E01033086,9,0,2,0,7
E01033098,122,8,15,9,90
E01033099,20,0,3,3,14
E01033100,43,11,13,3,16
E01033132,251,91,60,34,66
E01033133,14,1,4,2,7
E01033135,6,1,1,2,2
E01033146,7,0,3,0,4
E01033148,10,0,1,0,9
E01033150,15,1,0,0,14
E01033151,17,6,2,0,9
E01033208,211,42,119,14,36
E01033320,16,0,3,3,10
E01033322,21,9,6,1,5
E01033324,35,0,18,2,15
E01033325,10,3,1,1,5
E01033327,344,68,128,38,110
E01033341,41,3,14,1,23
E01033455,33,0,15,1,17
E01033456,40,1,10,2,27
E01033457,115,29,44,3,39
E01033463,15,0,2,0,13
E01033485,23,3,8,0,12
E01033486,28,19,4,2,3
E01033487,25,7,6,2,10
E01033488,64,9,27,3,25
E01033489,140,19,51,6,64
E01033490,108,4,47,7,50
E01033491,171,21,63,15,72
E01033493,11,0,3,6,2
E01033494,14,1,5,2,6
E01033569,58,11,3,29,15
E01033570,83,68,3,2,10
E01033571,13,1,2,2,8
E01033579,71,0,46,4,21
E01033580,75,1,35,0,39
E01033581,31,0,2,0,29
E01033582,3,0,0,1,2
E01033584,23,0,7,0,16
E01033586,56,3,16,5,32
E01033587,67,1,18,2,46
E01033589,163,43,51,15,54
E01033590,4,0,1,0,3
E01033591,106,9,13,3,81
E01033592,5,0,1,0,4
E01033593,141,23,35,12,71
E01033594,375,6,132,10,227
E01033597,13,0,5,0,8
E01033598,159,121,13,6,19
E01033599,22,0,8,2,12
E01033601,22,0,7,5,10
E01033602,63,4,26,5,28
E01033603,45,0,14,1,30
E01033604,114,18,41,4,51
E01033605,39,2,13,3,21
E01033699,426,175,108,41,102
E01033700,274,59,94,29,92
E01033702,43,20,11,3,9
E01033703,64,9,24,10,21
E01033704,245,10,119,40,76
E01033705,61,1,48,2,10
E01033706,579,39,312,27,201
E01033708,1250,82,730,46,392
E01033709,39,0,24,3,12
E01033710,14,0,3,3,8
E01033711,125,6,88,2,29
E01033712,295,20,112,92,71
E01033713,56,0,29,10,17
E01033727,231,178,24,1,28
E01033728,32,0,11,1,20
E01033729,19,0,4,1,14
E01033732,19,0,3,5,11
E01033734,3,0,0,1,2
E01033735,158,64,38,8,48
E01033736,27,1,4,2,20
E01033737,298,142,44,7,105
E01033738,82,29,12,8,33
E01033739,5,0,0,0,5
E01033740,15,1,0,2,12
E01033741,21,3,4,0,14
E01033742,3,0,0,0,3
E01033743,107,36,3,2,66
E01033744,8,0,2,0,6
E01033745,14,0,1,0,13
E01033746,18,0,0,1,17
E01033784,136,93,8,1,34
E01033785,123,105,2,2,14
E01033786,20,8,5,2,5
E01033787,14,0,2,0,12
E01033788,9,0,2,0,7
E01033789,9,0,1,0,8
E01033790,20,3,1,1,15
E01033791,145,115,6,3,21
E01033792,49,25,4,3,17
E01033862,328,5,200,9,114
E01033863,41,0,23,1,17
E01033864,10,0,7,1,2
E01033865,149,3,85,13,48
E01033866,85,8,43,14,20
E01033867,258,22,152,13,71
E01033868,195,34,101,16,44
E01033869,52,0,20,5,27
E01033870,50,9,27,2,12
E01033871,54,5,28,6,15
E01033872,50,2,32,7,9
E01033873,319,62,157,25,75
E01033874,380,4,283,11,82
E01033875,144,4,89,14,37
E01033876,311,219,40,8,44
E01033877,61,17,21,3,20
E01033878,8,0,3,1,4
E01033879,44,0,21,3,20
E01033880,139,21,70,15,33
E01033881,78,7,41,3,27
E01033882,16,5,0,0,11
E01033883,36,2,10,10,14
E01033884,558,44,201,39,274
E01033885,117,2,67,9,39
E01033911,6,0,0,0,6
E01033912,5,0,0,0,5
E01033913,28,0,3,2,23
E01033914,11,1,0,0,10
E01033915,5,0,1,0,4
E01033916,49,21,5,1,22
E01033917,11,2,0,0,9
E01033918,104,46,11,4,43
E01033919,28,1,1,4,22
E01033920,14,0,2,3,9
E01033921,7,0,0,2,5
E01033922,33,12,4,1,16
E01033923,23,5,2,3,13
E01033924,34,3,4,0,27
E01033925,38,3,5,3,27
E01033926,50,13,5,3,29
E01033927,389,314,22,3,50
E01033928,9,1,2,0,6
E01033929,326,269,16,5,36
E01033930,9,2,1,1,5
E01033931,160,49,63,4,44
E01033932,18,0,8,0,10
E01033933,9,0,0,0,9
E01033934,11,0,1,1,9
E01033935,158,67,33,1,57
E01033936,433,196,151,2,84
E01033937,21,0,15,0,6
E01033938,40,1,5,1,33
E01033939,69,35,5,2,27
E01033940,195,56,63,7,69
E01033941,179,46,90,1,42
E01033942,504,101,243,5,155
E01033943,51,0,27,4,20
E01033944,255,14,200,7,34
E01033945,5,0,0,0,5
E01033946,13,9,0,1,3
E01034026,38,8,8,3,19
E01034027,46,3,2,3,38
E01034028,3,0,0,0,3
E01034029,67,25,4,15,23
E01034030,1198,791,160,57,190
E01034031,22,1,7,3,11
E01034032,36,14,3,5,14
E01034033,282,245,7,11,19
E01034034,10,1,2,1,6
E01034035,3,0,0,0,3
E01034036,109,33,32,4,40
E01034037,10,0,4,2,4
E01034038,106,46,20,8,32
E01034039,13,3,3,0,7
E01034040,75,16,26,5,28
E01034041,11,0,1,0,10
E01034042,60,19,3,5,33
E01034043,7,1,1,1,4
E01034044,27,11,1,4,11
E01034045,1,0,0,0,1
E01034046,29,0,2,6,21
E01034139,35,2,5,5,23
E01034140,23,4,2,3,14
E01034141,13,0,2,2,9
E01034142,20,4,2,1,13
E01034143,160,54,52,4,50
E01034144,11,0,2,0,9
E01034145,418,203,119,8,88
E01034146,121,97,6,3,15
E01034147,8,1,2,1,4
E01034148,297,244,18,7,28
E01034149,107,16,33,3,55
E01034150,155,23,43,4,85
E01034151,8,0,0,0,8
E01034152,194,143,11,4,36
E01034153,13,7,0,0,6
E01034154,12,6,1,0,5
E01034155,210,146,14,9,41
E01034156,356,194,55,13,94
E01034173,18,5,1,0,12
E01034174,28,0,10,7,11
E01034175,70,14,7,15,34
E01034176,12,3,2,2,5
E01034177,11,0,2,1,8
E01034178,24,9,6,1,8
E01034179,361,233,43,19,66
E01034180,17,1,4,1,11
E01034181,7,0,5,0,2
E01034182,68,2,26,6,34
E01034183,32,2,4,0,26
E01034184,20,4,2,1,13
E01034185,181,136,7,16,22
E01034186,46,23,5,6,12
E01034187,132,22,22,17,71
E01034188,476,139,118,33,186
E01034189,99,59,3,8,29
E01034190,11,0,1,0,10
E01034191,5,0,0,0,5
E01034192,65,17,10,16,22
E01034193,6,0,4,2,0
E01034195,15,1,0,3,11
E01034196,24,2,5,2,15
E01034198,77,28,14,2,33
E01034199,20,0,7,2,11
E01034200,654,216,209,26,203
E01034201,20,0,4,2,14
E01034202,43,9,7,1,26
E01034203,77,13,24,2,38
E01034204,10,0,1,0,9
E01034205,287,212,17,5,53
E01034206,105,65,6,2,32
E01034207,87,61,3,1,22
E01034208,49,0,11,0,38
E01034209,382,243,62,14,63
E01034210,14,0,7,2,5
E01034211,50,8,16,1,25
E01034212,102,20,22,5,55
E01034213,98,3,57,10,28
E01034215,114,4,77,5,28
E01034216,27,6,8,2,11
E01034217,179,6,90,11,72
E01034218,70,1,24,8,37
E01034219,32,2,17,2,11
E01034220,2741,1199,946,65,531
E01034221,55,2,26,2,25
E01034222,117,9,67,5,36
E01034223,24,0,17,1,6
E01034224,47,4,6,0,37
E01034225,38,0,10,1,27
E01034226,5,0,1,1,3
E01034227,11,0,1,2,8
E01034228,25,8,10,0,7
E01034229,33,0,14,0,19
E01034230,32,1,2,1,28
E01034231,14,0,2,0,12
E01034383,49,3,21,1,24
E01034384,14,0,2,3,9
E01034385,338,193,90,1,54
E01034386,230,109,53,16,52
E01034387,30,6,14,3,7
E01034388,8,0,3,0,5
E01034389,25,0,8,5,12
E01034390,33,3,18,4,8
E01034391,38,7,12,8,11
E01034392,33,5,12,2,14
E01034393,64,16,32,1,15
E01034394,351,104,137,9,101
E01034395,160,14,66,28,52
E01034469,29,6,4,5,14
E01034470,7,5,0,0,2
E01034471,31,9,5,1,16
E01034472,7,0,2,1,4
E01034473,463,191,145,8,119
E01034474,370,139,109,5,117
E01034475,21,2,2,0,17
E01034476,16,0,3,0,13
E01034477,18,7,1,1,9
E01034478,118,99,4,2,13
E01034479,20,0,6,0,14
E01034480,9,0,5,0,4
E01034481,39,6,4,0,29
E01034482,84,15,40,4,25
E01034483,41,1,10,7,23
E01034484,21,0,7,0,14
E01034485,28,4,15,4,5
E01034486,272,179,56,11,26
E01034487,15,1,2,4,8
E01034488,17,1,6,2,8
E01034576,13,0,1,5,7
E01034577,11,0,1,5,5
E01034578,30,7,4,3,16
E01034579,64,31,4,10,19
E01034580,55,31,3,7,14
E01034581,237,175,16,10,36
E01034589,42,28,8,0,6
E01034590,8,0,1,0,7
E01034591,27,4,7,7,9
E01034592,39,3,15,4,17
E01034593,3,1,1,0,1
E01034594,16,0,2,4,10
E01034595,3,0,0,1,2
E01034596,16,0,9,0,7
E01034597,20,0,10,0,10
E01034598,68,9,23,3,33
E01034599,11,0,1,0,10
E01034600,119,87,11,1,20
E01034601,10,0,0,1,9
E01034602,233,123,43,4,63
E01034603,10,0,0,0,10
E01034604,14,0,3,0,11
E01034605,13,0,0,3,10
E01034606,21,0,5,1,15
E01034607,47,13,13,2,19
E01034608,287,237,17,5,28
E01034609,76,28,18,4,26
E01034610,18,0,6,3,9
E01034611,8,0,1,1,6
E01034612,171,104,15,7,45
E01034613,28,11,1,4,12
E01034614,6,0,1,1,4
E01034615,25,0,2,0,23
E01034616,90,26,19,10,35
E01034617,132,71,7,2,52
E01035484,56,6,9,11,30
E01035485,55,3,15,6,31
E01035486,38,0,3,5,30
E01035487,18,0,1,1,16
E01035488,33,12,2,3,16
E01035489,24,9,2,2,11
E01035490,26,1,6,3,16
E01035491,80,14,10,16,40
E01035492,44,24,1,2,17
E01035493,62,10,16,11,25
E01035494,21,4,1,3,13
E01035495,182,67,39,26,50
E01035496,96,33,30,9,24
E01035497,27,0,9,6,12
E01035498,54,0,24,2,28
E01035499,14,0,5,4,5
E01035638,51,5,39,0,7
E01035639,75,2,44,5,24
E01035640,52,3,17,13,19
E01035641,168,69,45,13,41
E01035642,35,0,17,10,8
E01035643,121,8,24,49,40
E01035644,22,7,4,4,7
E01035645,86,0,34,19,33
E01035646,57,18,15,7,17
E01035647,11,0,4,2,5
E01035648,13,0,6,0,7
E01035649,91,3,47,4,37
E01035650,180,7,90,31,52
E01035651,77,12,24,7,34
E01035652,503,314,95,15,79
E01035653,15,1,6,1,7
E01035654,80,47,16,1,16
E01035655,195,43,90,8,54
E01035656,59,49,6,1,3
E01035657,172,9,102,16,45
E01035658,19,0,8,2,9
E01035659,19,1,7,1,10
E01035660,76,26,21,7,22
E01035661,51,8,21,6,16
E01035662,2,1,0,0,1
E01035663,36,2,17,4,13
E01035664,218,21,127,17,53
E01035665,127,78,17,9,23
E01035666,47,3,25,1,18
E01035667,53,0,27,1,25
E01035668,74,7,21,12,34
E01035669,192,43,71,16,62
E01035670,268,51,85,28,104
E01035672,106,45,11,14,36
E01035673,9,1,3,0,5
E01035674,27,2,13,3,9
E01035675,113,6,67,9,31
E01035676,20,0,7,3,10
E01035677,23,0,5,3,15
E01035678,8,0,2,1,5
E01035679,31,5,7,3,16
E01035680,18,0,4,6,8
E01035681,14,0,4,1,9
E01035682,25,1,7,4,13
E01035683,14,0,1,4,9
E01035684,22,7,1,2,12
E01035685,8,4,1,1,2
E01035686,46,1,22,3,20
E01035687,211,82,55,16,58
E01035688,30,1,11,7,11
E01035689,59,2,17,9,31
E01035690,31,1,13,5,12
E01035691,41,2,7,8,24
E01035692,11,1,2,1,7
E01035693,22,1,5,1,15
E01035694,23,2,6,4,11
E01035695,6,0,2,1,3
E01035696,143,15,64,11,53
E01035697,42,4,11,11,16
E01035699,41,6,6,4,25
E01035702,49,1,17,1,30
E01035703,49,23,3,1,22
E01035705,46,12,13,2,19
E01035706,44,11,9,2,22
E01035707,210,13,50,9,138
E01035708,508,67,150,25,266
E01035709,79,1,39,14,25
E01035710,371,3,211,14,143
E01035711,1593,122,829,55,587
E01035712,62,1,32,6,23
E01035713,180,10,77,5,88
E01035714,79,25,18,6,30
E01035715,28,0,5,6,17
E01035716,12419,1744,7216,60,3399
E01035717,84,16,24,7,37
E01035718,1304,207,668,47,382
E01035719,23,0,11,1,11
E01035720,31,0,10,7,14
E01035721,393,22,169,9,193
E01035722,35,0,10,6,19
